title,artist,duration,bpm
Die With A Smile,"Lady Gaga, Bruno Mars",251668,157.969
BIRDS OF A FEATHER,Billie Eilish,210373,104.978
That‚Äôs So True,Gracie Abrams,166300,108.548
Taste,Sabrina Carpenter,157280,112.966
APT.,"ROS√, Bruno Mars",169917,149.027
"Good Luck, Babe!",Chappell Roan,218424,116.712
Diet Pepsi,Addison Rae,169698,150.069
WILDFLOWER,Billie Eilish,261467,148.101
Sailor Song,Gigi Perez,211979,94.926
Timeless (with Playboi Carti),"The Weeknd, Playboi Carti",256000,119.973
Guess featuring billie eilish,"Charli xcx, Billie Eilish",145219,130.019
Please Please Please,Sabrina Carpenter,186365,107.071
2 hands,Tate McRae,181821,104.032
A Bar Song (Tipsy),Shaboozey,171292,81.012
HOT TO GO!,Chappell Roan,184841,139.982
Disease,Lady Gaga,229997,100.987
Moonlit Floor (Kiss Me),LISA,155757,109.939
Love Somebody,Morgan Wallen,204829,122.064
"I Love You, I'm Sorry",Gracie Abrams,157147,115.94
Move,"Adam Port, Stryv, Keinemusik, Orso, Malachiii",177599,119.992
"Sticky (feat. GloRilla, Sexyy Red & Lil Wayne)","Tyler, The Creator, GloRilla, Sexyy Red, Lil Wayne",255916,80.09
Espresso,Sabrina Carpenter,175459,103.969
Mantra,JENNIE,136627,116.988
Qu√© Pasar√≠a...,"Rauw Alejandro, Bad Bunny",182857,105.008
NEW DROP,Don Toliver,217333,119.98
I Had Some Help (Feat. Morgan Wallen),"Post Malone, Morgan Wallen",178206,127.986
Too Sweet,Hozier,251424,117.038
No One Noticed,The Mar√≠as,236907,97.989
Tu Boda,"Oscar Maydon, Fuerza Regida",225881,112.648
Stargazing,Myles Smith,172533,123.994
WHATCHU KNO ABOUT ME (with Sexyy Red),"GloRilla, Sexyy Red",149461,167.029
we can't be friends (wait for your love),Ariana Grande,228639,115.842
Beautiful Things,Benson Boone,180304,105.029
DEGENERE üëë (feat. benny blanco),"Myke Towers, benny blanco",130880,194.055
Touch,KATSEYE,129883,167.033
Lose Control,Teddy Swims,210689,159.92
Belong Together,Mark Ambor,148318,90.969
Si Antes Te Hubiera Conocido,KAROL G,195824,128.027
End of Beginning,Djo,159246,159.982
Fortnight (feat. Post Malone),"Taylor Swift, Post Malone",228965,192.004
Q U E V A S H A C E R H O Y ?,"Omar Courtz, De La Rose",223320,155.079
Not Like Us,Kendrick Lamar,274192,101.061
Running Wild,Jin,151647,146.921
57,"KAROL G, Feid, DFZM, Ovy On The Drums, J Balvin, Maluma, Ryan Castro, Blessd",298131,91.98
Embrace It,Ndotz,104419,114.933
The Emptiness Machine,Linkin Park,190428,184.115
Who,Jimin,170888,116.034
Hotel California - 2013 Remaster,Eagles,391376,147.125
Thunderstruck,AC/DC,292880,133.52
Seven Nation Army,The White Stripes,232107,123.596
Creep,Radiohead,238640,91.844
Come As You Are,Nirvana,218920,120.125
Californication,Red Hot Chili Peppers,329733,96.483
Sweet Child O' Mine,Guns N' Roses,356067,125.304
"Paint It, Black",The Rolling Stones,202267,158.691
Dreams - 2004 Remaster,Fleetwood Mac,257800,120.151
Everlong,Foo Fighters,250547,158.066
I Love Rock 'N Roll,Joan Jett & the Blackhearts,175173,94.379
Dust in the Wind,Kansas,206267,93.503
"Another Brick in the Wall, Pt. 2",Pink Floyd,238747,104.114
Runaway,Bon Jovi,230667,152.445
Basket Case,Green Day,181533,85.064
Under the Bridge,Red Hot Chili Peppers,264307,84.581
White Wedding - Pt. 1,Billy Idol,252200,147.193
You Shook Me All Night Long,AC/DC,210173,127.361
(I Can't Get No) Satisfaction - Mono Version,The Rolling Stones,222813,136.302
Starman - 2012 Remaster,David Bowie,254293,100.456
Whole Lotta Love - 1990 Remaster,Led Zeppelin,333893,89.74
Riders on the Storm,The Doors,434720,103.886
Even Flow,Pearl Jam,292581,105.338
Born in the U.S.A.,Bruce Springsteen,278680,122.093
Bitter Sweet Symphony - Remastered 2016,The Verve,357267,171.176
Don't Cry (Original),Guns N' Roses,283733,124.634
All Along the Watchtower,Jimi Hendrix,240800,113.253
In The Air Tonight - 2015 Remastered,Phil Collins,336453,189.507
Psycho Killer - 2005 Remaster,Talking Heads,261413,123.118
Are You Gonna Go My Way,Lenny Kravitz,211933,129.269
Master of Puppets (Remastered),Metallica,515387,105.25
Everywhere - 2017 Remaster,Fleetwood Mac,226653,114.965
Have You Ever Seen The Rain,Creedence Clearwater Revival,160133,116.109
Just What I Needed,The Cars,225627,127.215
Smells Like Teen Spirit,Nirvana,301920,116.761
Killing In The Name,Rage Against The Machine,313573,88.785
Come Together - Remastered 2009,The Beatles,259947,164.775
Carry on Wayward Son,Kansas,323000,126.755
Song 2 - 2012 Remaster,Blur,121160,129.802
Where Is My Mind? - 2007 Remaster,Pixies,234973,81.334
Should I Stay or Should I Go - Remastered,The Clash,188987,113.375
Another One Bites The Dust - Remastered 2011,Queen,214653,109.975
Uprising,Muse,304840,128.019
For What It's Worth,Buffalo Springfield,153693,98.883
You Really Got Me - 2015 Remaster,Van Halen,156147,138.18
Black Hole Sun,Soundgarden,318587,105.435
Black Magic Woman - Single Version,Santana,196467,124.348
Fly Away,Lenny Kravitz,221333,159.925
Message In A Bottle,The Police,290280,151.008
Heroes - 2017 Remaster,David Bowie,371413,112.113
Immigrant Song - Remaster,Led Zeppelin,146250,112.937
Mr. Blue Sky,Electric Light Orchestra,303373,177.765
Back In Black,AC/DC,255493,188.386
Barracuda,Heart,261933,137.145
"Rocket Man (I Think It's Going To Be A Long, Long Time)",Elton John,281613,136.576
Heart-Shaped Box,Nirvana,281160,203.006
Life in the Fast Lane - 2013 Remaster,Eagles,286220,109.535
Africa,TOTO,295893,92.718
(Don't Fear) The Reaper,Blue √ñyster Cult,308120,141.466
1979 - Remastered 2012,The Smashing Pumpkins,266200,126.879
Comfortably Numb,Pink Floyd,382297,127.163
Black Dog - Remaster,Led Zeppelin,295387,81.394
No One Knows,Queens of the Stone Age,278747,170.411
Long Train Runnin',The Doobie Brothers,207267,117.399
Loser,Beck,235000,85.387
American Pie,Don McLean,516893,138.453
Roxanne,The Police,191947,134.114
My Sharona,The Knack,295400,147.245
Walk On the Wild Side,Lou Reed,254173,104.522
The Boys Are Back In Town,Thin Lizzy,266720,80.823
Highway to Hell,AC/DC,208400,115.728
Vienna,Billy Joel,214240,124.936
Alive,Pearl Jam,340907,75.009
The Best,Tina Turner,329800,103.867
Give It Away,Red Hot Chili Peppers,282907,91.577
Good Riddance (Time of Your Life),Green Day,153467,94.605
The Boys Of Summer,Don Henley,288733,176.941
Break on Through (To the Other Side),The Doors,145867,89.839
Sabotage,Beastie Boys,178440,168.131
Pour Some Sugar On Me - Remastered 2017,Def Leppard,267307,84.989
Learn to Fly,Foo Fighters,235293,135.997
Hit Me With Your Best Shot,Pat Benatar,171267,127.402
Bullet With Butterfly Wings - Remastered 2012,The Smashing Pumpkins,258467,121.864
Interstate Love Song - 2019 Remaster,Stone Temple Pilots,194853,170.814
London Calling - Remastered,The Clash,200480,133.769
Wish You Were Here,Pink Floyd,334744,122.861
Free Fallin',Tom Petty,256000,84.383
No Rain,Blind Melon,217107,148.117
Panama - 2015 Remaster,Van Halen,210227,141.167
Would? (2022 Remaster),Alice In Chains,206773,100.127
Born to Run,Bruce Springsteen,269920,146.347
Unforgettable,Nat King Cole,191973,136.094
"Tchaikovsky: Swan Lake, Op. 20, Act 2: No. 10, Scene. Moderato","Pyotr Ilyich Tchaikovsky, Andr√© Previn, London Symphony Orchestra",166867,58.303
"Sonata No. 14 ""Moonlight"" in C-Sharp Minor"", Op. 27 No. 2: I. Adagio sostenuto","Ludwig van Beethoven, Paul Lewis",315427,170.612
Experience,"Ludovico Einaudi, Daniel Hope, I Virtuosi Italiani",315427,92.468
"Sticky (feat. GloRilla, Sexyy Red & Lil Wayne)","Tyler, The Creator, GloRilla, Sexyy Red, Lil Wayne",255916,80.09
HIM ALL ALONG,Gunna,158667,130.007
Leave Me Alone,BigXthaPlug,143778,128.085
PLUTOSKI,Future,179023,120.011
Timeless (with Playboi Carti),"The Weeknd, Playboi Carti",256000,119.973
WHATCHU KNO ABOUT ME (feat. Sexyy Red),"GloRilla, Sexyy Red",149461,166.976
Insecurities,Lil Baby,127154,111.907
Gang Baby,NLE Choppa,138180,129.054
NEW DROP,Don Toliver,217333,119.98
Help Me,Real Boston Richey,181166,78.53
No Face,Drake,137143,125.951
LIL DEMON,Future,139197,131.001
2 Slippery (feat. BossMan Dlow),"Luh Tyler, BossMan Dlow",159228,106.682
Sorry Not Sorry,"Lil Yachty, Veeze",136709,157.94
ALL RED,Playboi Carti,148053,143.082
I CAN‚ÄôT LET GO,"Lil Tecca, Don Toliver",150204,147.216
Chill Bae,Lil Uzi Vert,138324,184.057
2AM,BigXthaPlug,184294,114.991
It's Up (feat. Young Thug & 21 Savage),"Drake, Young Thug, 21 Savage",278001,139.942
The Viper,BabyChiefDoit,150997,139.905
Brokey,Latto,217613,75.013
25,Rod Wave,180000,63.925
Or What,"NLE Choppa, 41, Kyle Richh",199165,125.845
Type Shit,"Future, Metro Boomin, Travis Scott, Playboi Carti",228267,144.941
Not Like Us,Kendrick Lamar,274192,101.061
Thought I Was Dead (feat. ScHoolboy Q & Santigold),"Tyler, The Creator, ScHoolboy Q, Santigold",207273,129.77
FIELD TRIP,"¬•$, Playboi Carti, Don Toliver, Kodak Black",167229,121.991
TEFLON DON,Future,159894,124.005
Circadian Rhythm,Drake,126356,146.007
The Largest,BigXthaPlug,132338,131.041
Light Year (Practice),Lil Uzi Vert,164366,140.203
Blow for Blow (feat. J. Cole),"Tee Grizzley, J. Cole",210286,104.563
Rah Tah Tah,"Tyler, The Creator",165413,82.557
Both Ways,Juice WRLD,197428,78.022
NISSAN ALTIMA,Doechii,126832,117.038
Tailor Swif,A$AP Rocky,155391,77.499
GEEK TIM√ã,Yeat,170188,158.042
Many Men (Wish Death),50 Cent,256227,108.52
Not Like Us,Kendrick Lamar,274192,101.061
BAND4BAND (feat. Lil Baby),"Central Cee, Lil Baby",140733,140.113
Type Shit,"Future, Metro Boomin, Travis Scott, Playboi Carti",228267,144.941
"Bent (with Kyle Richh, Jenn Carter & TaTa)","41, Kyle Richh, Jenn Carter, TaTa",171198,123.987
Dior,Pop Smoke,216387,142.096
SAY MY GRACE (feat. Travis Scott),"Offset, Travis Scott",173253,121.854
6locc 6a6y,Lil Loaded,131286,125.089
All My Life (feat. J. Cole),"Lil Durk, J. Cole",223879,142.974
Superhero (Heroes & Villains) [with Future & Chris Brown],"Metro Boomin, Future, Chris Brown",182667,116.624
Took Her To The O,King Von,196180,159.98
Loading,Central Cee,173333,144.006
n√©e-nah,"21 Savage, Travis Scott, Metro Boomin",220584,165.409
Love Sosa,Chief Keef,246213,131.964
Drankin N Smokin,"Future, Lil Uzi Vert",213520,151.951
Invincible,Pop Smoke,127547,142.791
GATTI,"JACKBOYS, Pop Smoke, Travis Scott",181145,143.477
The Woo (feat. 50 Cent & Roddy Ricch),"Pop Smoke, 50 Cent, Roddy Ricch",201600,99.7
Neva Cared,Polo G,186000,77.528
Mr. Glock,Key Glock,146880,150.141
Runnin,"21 Savage, Metro Boomin",195906,143.01
Armed & Dangerous,King Von,122680,188.051
Coffin,Lil Yachty,89536,138.05
Ready (feat. Gunna),"Lil Baby, Gunna",213287,76.984
Russian Cream,Key Glock,142498,130.007
Wants and Needs (feat. Lil Baby),"Drake, Lil Baby",192956,136.006
Jimmy Cooks (feat. 21 Savage),"Drake, 21 Savage",218365,165.921
"Crazy Story, Pt. 3",King Von,191399,156.953
Pure Cocaine,Lil Baby,154024,127.05
Ambition For Cash,Key Glock,143480,149.012
family ties (with Kendrick Lamar),"Baby Keem, Kendrick Lamar",252262,134.093
Glock In My Lap,"21 Savage, Metro Boomin",193591,130.029
3 Headed Goat (feat. Lil Baby & Polo G),"Lil Durk, Lil Baby, Polo G",169532,143.029
Run It Up (feat. Offset & Moneybagg Yo),"Lil Tjay, Offset, Moneybagg Yo",232048,120.031
EVERY CHANCE I GET (feat. Lil Baby & Lil Durk),"DJ Khaled, Lil Baby, Lil Durk",236524,150.062
Sticky,Drake,243228,137.027
Mask Off,Future,204600,150.062
On Me,Lil Baby,135960,77.972
N95,Kendrick Lamar,195950,139.956
Rich Nigga Shit (feat. Young Thug),"21 Savage, Metro Boomin, Young Thug",190331,97.974
Surround Sound (feat. 21 Savage & Baby Tate),"JID, 21 Savage, Baby Tate",229938,75.965
Mask Off,Future,204600,150.062
Imagina esse Cen√°rio,"Matu√™, Veigh",155368,94.329
Yes Indeed,"Lil Baby, Drake",142273,119.957
Wake Up & Bake Up,"Duki, Wiz Khalifa, Arc√°ngel",206031,148.107
M4,"Teto, Matu√™",170000,119.97
Diablita (feat. Anuel AA & Baby Rasta),"Trap Capos, Noriel, Anuel AA, Baby Rasta",213613,129.902
Love Sosa,Chief Keef,246213,131.964
Tessera sanitaria (feat. Nerissima Serpe & Papa V),"Night Skinny, Nerissima Serpe, Papa V",204668,165.946
Bad and Boujee (feat. Lil Uzi Vert),"Migos, Lil Uzi Vert",343150,127.079
That Go! (feat. T-Shyne),"Young Stoner Life, Young Thug, Meek Mill, T-Shyne",226400,145.95
Me Acostumbre (feat. Bad Bunny),"Arc√°ngel, Bad Bunny",263288,124.041
Like That,"Future, Metro Boomin, Kendrick Lamar",267707,162.012
Castlevania,Matu√™,230182,109.966
We Paid (feat. 42 Dugg),"Lil Baby, 42 Dugg",181929,135.14
Brindis,"Duki, Headie One",179556,135.055
Pa Ti,"Bad Bunny, Bryant Myers",191295,128.14
Amigos y Enemigos (feat. Bad Bunny & Almighty) - Remix,"Trap Capos, Noriel, Bad Bunny, Almighty",295304,115.01
Tu Me Enamoraste - Remix,"Lary Over, Anuel, Bryant Myers, Almighty, Brytiago",341135,119.967
Nena Maldici√≥n (feat. Lenny Tav√°rez),"Paulo Londra, Lenny Tav√°rez",227518,118.96
PUFFIN ON ZOOTIEZ,Future,172933,124.992
1993,Matu√™,127826,92.055
Going Bad (feat. Drake),"Meek Mill, Drake",180522,86.003
Un D√≠a M√°s,"Duki, YSY A",165773,96.914
De las 2 (feat. Bad Bunny & Arc√°ngel),"Trap Capos, Noriel, Bad Bunny, Arc√°ngel",260493,120.146
Un Ratito Mas,"Bryant Myers, Bad Bunny",283121,140.101
CANZONE D'ODIO (feat. Lil Baby),"Lazza, Lil Baby",162970,99.827
Deus Perdoa,"Filipe Ret, Dallass, Hunter",137143,147.037
Solo,Future,265996,110.964
Superhero (Heroes & Villains) [with Future & Chris Brown],"Metro Boomin, Future, Chris Brown",182667,116.624
C√≥mo Le Digo,"KHEA, Omar Varela, Asan",226101,129.958
Maturidade,"KayBlack, Wall Hein, AMUSIK",142026,172.445
Problemas de um Milion√°rio,"WIU, Teto",144361,133.03
BOOKER T,Bad Bunny,156430,113.903
SICKO MODE,Travis Scott,312820,155.008
Too Many Nights (feat. Don Toliver & with Future),"Metro Boomin, Future, Don Toliver",199920,87.973
Me Ama Me Odia,"Revol, Ozuna, Cosculluela, Arc√°ngel, Brytiago",326937,135.993
Hm Hm hm,Youka,131765,171.264
Kese (Dance),Wizkid,174053,118.079
Awuke,"Davido, YG Marley",172632,113.981
Favourite Girl (with Rema),"Darkoo, Rema",184249,100.049
Piece of My Heart (feat. Brent Faiyaz),"Wizkid, Brent Faiyaz",259354,93.2
PUSH 2 START,Tyla,156826,93.482
Fi Kan We Kan,"Bnxn, Rema",161379,145.379
MMS,"Asake, Wizkid",219628,101.837
Tu Boda,"Oscar Maydon, Fuerza Regida",225881,112.648
Despu√©s De La 1,"Cris Mj, FloyyMenor, LOUKI",177600,99.973
Qu√© Pasar√≠a...,"Rauw Alejandro, Bad Bunny",182857,105.008
Imag√≠nate,"Danny Ocean, Kapo",170366,101.923
Kamikaze (feat. Victor Mendivil),"Natanael Cano, Uriel Gaxiola, Ganggy, Victor Mendivil",248363,95.999
NEL,Fuerza Regida,149074,100.029
Si Antes Te Hubiera Conocido,KAROL G,195824,128.027
DEPORTIVO,"Blessd, Anuel AA",218701,90.025
SEXO ES LA MODA,"Maria Becerra, Yandel",165901,105.002
57,"KAROL G, Feid, DFZM, Ovy On The Drums, J Balvin, Maluma, Ryan Castro, Blessd",298131,91.98
Kh√©?,"Rauw Alejandro, Romeo Santos",206066,155.865
Ferxxoko,"Joyce Santana, Feid",177209,171.831
Nueva Era,"Duki, Myke Towers",246889,101.097
PELIGROSA,FloyyMenor,136944,100.021
Morena Canela,Chino Pacas,178337,119.893
Q U E V A S H A C E R H O Y ?,"Omar Courtz, De La Rose",223320,155.079
DURO,Quevedo,162205,104.033
PI√âNSALO,Junior H,240669,97.541
EN MI MUNDO,"Jasiel Nu√±ez, Peso Pluma",307565,125.01
Soltera,Shakira,214643,100.076
DEGENERE üëë (feat. benny blanco),"Myke Towers, benny blanco",130880,194.055
SE ME OLVIDA,"Maisak, Feid",225373,82.045
Hecha Pa' M√≠,Grupo Frontera,195846,98.582
SE TE NOTA (feat. Peso Pluma),"Myke Towers, Peso Pluma",190107,104.008
EL LOKERON,Tito Double P,146141,120.208
Ese Vato No Te Queda,"Carin Leon, Gabito Ballesteros",198607,117.955
Cholo 7,"Fuerza Regida, Luis R Conriquez",157500,136
KINTSUGI,HUMBE,237908,79.503
UWAIE,Kapo,172427,103.001
IA,"Clarent, Mora",171429,111.93
Siento que merezco m√°s,LATIN MAFIA,166159,156.023
AY MAM√Å,"Tito Double P, Grupo Frontera",163115,148.853
En Otra Vida,"Yami Safdie, Lasso",153609,184.784
No Son Doritos,"Clave Especial, Luis R Conriquez",160714,139.995
Frente al Mar,Be√©le,165178,100.036
Soltera - W Sound 01,"W Sound, Blessd, Ovy On The Drums",142022,199.997
DOS D√çAS,"Tito Double P, Peso Pluma",154620,109.935
NO PIERDO LA VIDA,"Calle 24, Chuyin",168547,124.997
Como Pacman,"Alem√°n, Gera MX",148152,165.07
Rey Sin Reina,Juli√≥n √Ålvarez y su Norte√±o Banda,150523,169.653
JACKPOT,"Belinda, Kenia OS",193521,123.009
noviogangsta <3,Emilia,157209,128.924
Bandoleros,"Don Omar, Tego Calder√≥n",305280,90.622
Ruc√≥n,Alem√°n,168560,161.989
"Raataan Lambiyan (From ""Shershaah"")","Tanishk Bagchi, Jubin Nautiyal, Asees Kaur",230292,81.009
"Ranjha (From ""Shershaah"")","Jasleen Royal, B Praak, Romy, Anvita Dutt",228855,82.941
Shayad,"Pritam, Arijit Singh",247941,135.875
Agar Tum Saath Ho,"Alka Yagnik, Arijit Singh",341055,122.925
Khairiyat,"Pritam, Arijit Singh",280282,124.914
505,Arctic Monkeys,253587,140.266
Heads Will Roll,Yeah Yeah Yeahs,221000,132.009
Instant Crush (feat. Julian Casablancas),"Daft Punk, Julian Casablancas",337560,109.942
Are You Gonna Be My Girl,Jet,213800,105.105
Time to Pretend,MGMT,261000,100.99
Feel It Still,Portugal. The Man,163253,79.028
misses,Dominic Fike,74379,119.945
Too Sweet,Hozier,251424,117.038
Wasted Summers,juju<3,130385,103.842
Feel It - From The Original Series ‚ÄúInvincible‚Äù,d4vd,157974,120.509
The Adults Are Talking,The Strokes,309053,164.959
3 Nights,Dominic Fike,177667,151.891
This Charming Man - 2011 Remaster,The Smiths,162920,103.912
Oysters In My Pocket,Royel Otis,162339,168.017
Fluorescent Adolescent,Arctic Monkeys,183893,112.056
You Get What You Give,New Radicals,300773,113.967
THE SHADE,Rex Orange County,181507,119.869
Time to Pretend,MGMT,261000,100.99
Vampire Empire,Big Thief,192128,131.272
Her,The American Dawn,214087,102.99
Not Strong Enough,"boygenius, Julien Baker, Phoebe Bridgers, Lucy Dacus",234933,126.976
Hell N Back,Bakar,213573,209.688
Ghostride,Crumb,126120,87.057
Someday,The Strokes,183440,106.035
Metamodernity,Vansire,162663,121.968
Breezeblocks,alt-J,227080,150.093
ROCKMAN,Mk.gee,177818,134.014
The Gambler,Kenny Rogers,214880,87.086
Amarillo By Morning,George Strait,173467,121.059
Mammas Don't Let Your Babies Grow up to Be Cowboys,"Waylon Jennings, Willie Nelson",152867,187.711
Open Arms (feat. Travis Scott),"SZA, Travis Scott",239613,78.259
Pink + White,Frank Ocean,184516,159.94
Best Part (feat. H.E.R.),"Daniel Caesar, H.E.R.",209831,75.24
My Boo,"USHER, Alicia Keys",223440,86.412
Sure Thing,Miguel,195373,81.001
Snooze,SZA,201800,143.008
If I Ain't Got You,Alicia Keys,228707,118.402
Poison,Brent Faiyaz,212992,117.489
Family Affair,Mary J. Blige,265867,92.887
With You,Chris Brown,252120,86.009
Broken Clocks,SZA,231253,112.912
Girl With The Tattoo Enter.lewd,Miguel,102813,113.451
Best Time,Brent Faiyaz,82509,92.995
Could've Been (feat. Bryson Tiller),"H.E.R., Bryson Tiller",252747,102.679
Foolish,Ashanti,227387,90.119
Fallin',Alicia Keys,210200,95.986
Nobody Gets Me,SZA,180853,99.796
Clouded,Brent Faiyaz,110129,65.203
So Sick,Ne-Yo,207187,92.795
The Boy Is Mine,"Brandy, Monica",294787,93.145
Yo (Excuse Me Miss),Chris Brown,229040,86.768
Kill Bill,SZA,153947,88.98
Forever Yours,Brent Faiyaz,96369,137.007
No One,Alicia Keys,254524,90.098
Hey Daddy (Daddy's Home),USHER,224093,95.975
Sativa,"Jhen√© Aiko, Swae Lee",276960,125.99
Always On Time,"Ja Rule, Ashanti",245093,96.644
ALL MINE,Brent Faiyaz,216063,141.967
Heart Of A Woman,Summer Walker,171000,129.93
U Remind Me,USHER,266893,93.985
Stay Ready (What A Life),"Jhen√© Aiko, Kendrick Lamar",382760,82.887
Love Galore (feat. Travis Scott),"SZA, Travis Scott",275080,135.002
Been Away,Brent Faiyaz,223630,132.798
No Love (with SZA),"Summer Walker, SZA",231498,133.876
Burn,USHER,231933,119.928
Miss Independent,Ne-Yo,232000,171.864
Let Me Love You,Mario,249120,94.519
Upset (feat. Tommy Richman & FELIX!),"Brent Faiyaz, FELIX!, Tommy Richman",177900,135.03
Nights Like This (feat. Ty Dolla $ign),"Kehlani, Ty Dolla $ign",201788,146.163
U Got It Bad,USHER,247840,124.037
You,"Lloyd, Lil Wayne",273133,130.21
Because Of You,Ne-Yo,266840,109.97
Trust,Brent Faiyaz,158421,92.009
Dilemma,"Nelly, Kelly Rowland",289160,168.19
Love in This Club (feat. Young Jeezy),"USHER, Jeezy",259720,140.012
Adorn,Miguel,193147,179.063
The Weekend,SZA,272187,73.313
Rehab (Winter In Paris),Brent Faiyaz,180304,144.211
Language,"Paperboy Fabe, Brent Faiyaz",150361,169.904
Confessions Part II,USHER,211200,138.007
Something Just Like This,"The Chainsmokers, Coldplay",247160,103.019
Give Me Everything (feat. Nayer),"Pitbull, AFROJACK, Ne-Yo, Nayer",252307,129.024
Let Me Love You,"DJ Snake, Justin Bieber",205947,199.892
Outside (feat. Ellie Goulding),"Calvin Harris, Ellie Goulding",227267,128.035
The Nights,Avicii,176658,125.983
Ride It,Regard,157606,117.948
Cheerleader (Felix Jaehn Remix) - Radio Edit,"OMI, Felix Jaehn",180566,118.02
Closer,"The Chainsmokers, Halsey",244960,95.01
Faded,Alan Walker,212107,179.642
Summer,Calvin Harris,222533,127.949
In My Mind,"Dynoro, Gigi D'Agostino",184560,125.905
Timber,"Pitbull, Kesha",204160,129.992
Titanium (feat. Sia),"David Guetta, Sia",245040,126.062
I Took A Pill In Ibiza - Seeb Remix,"Mike Posner, Seeb",197933,101.969
Sugar (feat. Francesco Yates),"Robin Schulz, Francesco Yates",219043,123.063
Waiting For Love,Avicii,230613,127.999
On The Floor,"Jennifer Lopez, Pitbull",284867,130.003
Don't Let Me Down,"The Chainsmokers, Daya",208373,159.805
Blame (feat. John Newman),"Calvin Harris, John Newman",212960,128.024
Wild Ones (feat. Sia),"Flo Rida, Sia",232947,127.075
Get Lucky (Radio Edit) [feat. Pharrell Williams and Nile Rodgers],"Daft Punk, Pharrell Williams, Nile Rodgers",248413,116.047
More Than You Know,Axwell /\ Ingrosso,203000,123.077
In the Name of Love,"Martin Garrix, Bebe Rexha",195707,133.99
This Girl (Kungs Vs. Cookin' On 3 Burners),"Kungs, Cookin' On 3 Burners",195547,121.985
Scream & Shout,"will.i.am, Britney Spears",283400,130.039
This Is What You Came For,"Calvin Harris, Rihanna",222160,123.962
Alors on danse - Radio Edit,Stromae,206067,119.958
We Found Love,"Rihanna, Calvin Harris",215227,127.975
Waves - Robin Schulz Radio Edit,"Mr. Probz, Robin Schulz",208133,119.994
Club Can't Handle Me (feat. David Guetta),"Flo Rida, David Guetta",234560,127.966
Under Control (feat. Hurts),"Calvin Harris, Alesso, Hurts",184280,126.094
Dancin (feat. Luvli) - Krono Remix,"Aaron Smith, Krono, Luvli",198053,119.896
One More Time,Daft Punk,320357,122.746
Firestone,"Kygo, Conrad Sewell",271640,113.927
Perfect Strangers,"Jonas Blue, JP Cooper",196613,117.965
Love Tonight (David Guetta Remix Edit),"Shouse, David Guetta",158095,126.002
Runaway (U & I),Galantis,227074,126.008
Middle,"DJ Snake, Bipolar Sunshine",220573,104.879
Infinity 2008 - Klaas Vocal Edit,"Guru Josh Project, Klaas",192294,128.036
King,Olly Alexander (Years & Years),215360,119.975
Clarity,"Zedd, Foxes",271427,128
"Hey Mama (feat. Nicki Minaj, Bebe Rexha & Afrojack)","David Guetta, AFROJACK, Bebe Rexha, Nicki Minaj",192560,85.979
Ain't Nobody (Loves Me Better) (feat. Jasmine Thompson),"Felix Jaehn, Jasmine Thompson",186147,117.973
Hear Me Now,"Alok, Zeeba, Bruno Martini",194840,121.999
ily (i love you baby) (feat. Emilee),"Surf Mesa, Emilee",176547,112.05
Summertime Sadness (Lana Del Rey Vs. Cedric Gervais) - Cedric Gervais Remix,"Lana Del Rey, Cedric Gervais",214912,126.052
Dynamite,Taio Cruz,202613,119.977
Rather Be (feat. Jess Glynne),"Clean Bandit, Jess Glynne",227833,120.97
Breaking Me,"Topic, A7S",166794,122.031
The Business,Ti√´sto,164000,120.031
Stay,"Zedd, Alessia Cara",210091,102.04
Party Rock Anthem,"LMFAO, Lauren Bennett, GoonRock",262147,130.011
Roses,"The Chainsmokers, ROZES",226739,100.001
I Love It (feat. Charli XCX),"Icona Pop, Charli xcx",157153,125.916
Play Hard (feat. Ne-Yo & Akon),"David Guetta, Ne-Yo, Akon",201000,130.072
Around the World,Daft Punk,429533,121.294
This Is What It Feels Like,"Armin van Buuren, Trevor Guthrie",204360,129.885
I'm an Albatraoz,"AronChupa, Little Sis Nora",166849,128.078
Heroes (we could be),"Alesso, Tove Lo",210013,125.896
You & Me - Flume Remix,"Disclosure, Eliza Doolittle, Flume",282813,75.066
Lose Control,Teddy Swims,210689,159.92
Let Me Go,Daniel Caesar,216524,152.88
Die With A Smile,"Lady Gaga, Bruno Mars",251668,157.969
BIRDS OF A FEATHER,Billie Eilish,210373,104.978
"Good Luck, Babe!",Chappell Roan,218424,116.712
Espresso,Sabrina Carpenter,175459,103.969
Lose Control,Teddy Swims,210689,159.92
FE!N (feat. Playboi Carti),"Travis Scott, Playboi Carti",191701,148.038
Stargazing,Myles Smith,172533,123.994
HOT TO GO!,Chappell Roan,184841,139.982
Not Like Us,Kendrick Lamar,274192,101.061
Slow It Down,Benson Boone,161831,181.489
A Bar Song (Tipsy),Shaboozey,171292,81.012
Move,"Adam Port, Stryv, Keinemusik, Orso, Malachiii",177599,119.992
Big Dawgs,"Hanumankind, Kalmi",190667,180.098
Please Please Please,Sabrina Carpenter,186365,107.071
I'm Good (Blue),"David Guetta, Bebe Rexha",175238,128.04
Romantic Homicide,d4vd,132631,132.052
New Woman (feat. ROSAL√çA),"LISA, ROSAL√çA",179790,140.515
Beautiful Things,Benson Boone,180304,105.029
Guess featuring billie eilish,"Charli xcx, Billie Eilish",145219,130.019
i like the way you kiss me,Artemas,142515,151.647
I Had Some Help (Feat. Morgan Wallen),"Post Malone, Morgan Wallen",178206,127.986
Ransom,Lil Tecca,131240,179.974
KEEP UP,Odetari,133227,139.198
Type Shit,"Future, Metro Boomin, Travis Scott, Playboi Carti",228267,144.941
one of wun,Gunna,144000,139.943
I Adore You (feat. Daecolm),"HUGEL, Topic, Arash, Daecolm",214000,119.996
Black Friday (pretty like the sun),"Lost Frequencies, Tom Odell",145599,126.031
I Can Do It With a Broken Heart,Taylor Swift,218005,129.994
Apple,Charli xcx,151740,126.035
Hope,XXXTENTACION,110886,146.04
Happier,"Marshmello, Bastille",214290,100.011
Like That,"Future, Metro Boomin, Kendrick Lamar",267707,162.012
Sunflower - Spider-Man: Into the Spider-Verse,"Post Malone, Swae Lee",157560,89.96
fukumean,Gunna,125040,130.001
Belong Together,Mark Ambor,148318,90.969
redrum,21 Savage,270698,172.09
WAIT FOR U (feat. Drake & Tems),"Future, Drake, Tems",189893,83.389
Miles On It,"Marshmello, Kane Brown",168454,129.963
Moonlight,XXXTENTACION,135090,128.009
Godzilla (feat. Juice WRLD),"Eminem, Juice WRLD",210800,165.995
Addicted,"Zerb, The Chainsmokers, Ink",152250,120.064
on one tonight,Gunna,90760,130.035
Thank You (Not So Bad),"Dimitri Vegas & Like Mike, Ti√´sto, Dido, W&W, Dimitri Vegas, Like Mike",140000,150.019
360,Charli xcx,133805,120.042
Houdini,Eminem,227239,127.003
we can't be friends (wait for your love),Ariana Grande,228639,115.842
The Box,Roddy Ricch,196653,116.971
Lovin On Me,Jack Harlow,138411,104.983
XO Tour Llif3,Lil Uzi Vert,182707,155.096
BAND4BAND (feat. Lil Baby),"Central Cee, Lil Baby",140733,140.113
Where Are You Now,"Lost Frequencies, Calum Scott",149067,121.031
2055,Sleepy Hallow,123987,80.511
Mood (feat. iann dior),"24kGoldn, iann dior",140533,91.007
SLAY!,Eternxlkz,107077,129.923
Jimmy Cooks (feat. 21 Savage),"Drake, 21 Savage",218365,165.921
Superhero (Heroes & Villains) [with Future & Chris Brown],"Metro Boomin, Future, Chris Brown",182667,116.624
You & Me - Rivo Remix,"Disclosure, Eliza Doolittle, Rivo",208525,122.011
Sprinter,"Dave, Central Cee",229133,139.057
Somedays,"Sonny Fodera, Jazzy, D.O.D",207168,127.926
Back On 74,Jungle,209483,146.003
DEVIL IS A LIE,Tommy Richman,130944,90.026
Whatever She Wants,Bryson Tiller,161342,96.02
euphoria,Kendrick Lamar,383639,139.948
Surround Sound (feat. 21 Savage & Baby Tate),"JID, 21 Savage, Baby Tate",229938,75.965
Feel It - From The Original Series ‚ÄúInvincible‚Äù,d4vd,157974,120.509
Push Up - Main Edit,Creeds,139300,75.023
Strangers,Kenya Grace,172965,169.982
BACKBONE,"Chase & Status, Stormzy",166449,88.009
FUNKED UP - SLOWED,"xxanteria, isq",115348,109.952
Too Sweet,Hozier,251424,117.038
Montagem Mysterious Game,LXNGVX,103495,130.051
TUCA DONKA,"CURSEDEVIL, DJ FKU, Skorde",75692,130.028
Paint The Town Red,Doja Cat,230480,99.974
MONTAGEM - PR FUNK,"S3BZS, Mc Gw, Mc Menor Do Alvorada",61673,130.028
Doja,Central Cee,97393,140.04
Somebody (2024),"Gotye, FISHER, Chris Lake, Kimbra, Sante Sansone",153519,130.017
Whatever,"Kygo, Ava Max",178273,108.005
ONE CALL,Rich Amiri,121399,158.105
IDGAF (feat. Yeat),"Drake, Yeat",260111,136.902
Deep Down (feat. Never Dull),"Alok, Ella Eyre, Kenny Dope, Never Dull",165753,125.952
Agora Hills,Doja Cat,265360,123.01
CUTE DEPRESSED,Dyan Dxddy,96947,151.221
BRODYAGA FUNK,Eternxlkz,134785,130
LOVELY BASTARDS,"ZWE1HVNDXR, yatashigang",116104,150.251
Boyz In Paris (with VINAI),"Marnik, Naeleck, VINAI",151589,149.036
Watch This - ARIZONATEARS Pluggnb Remix,"Lil Uzi Vert, sped up nightcore, ARIZONATEARS",163139,129.975
10:35,"Ti√´sto, Tate McRae",172253,120.003
TOO COOL TO BE CARELESS,PAWSA,220000,128.001
Automotivo Bibi Fogosa,"Bibi Babydoll, Dj Brunin XM, KZA Produ√ß√µes",129800,135.048
Bones,Imagine Dragons,165265,114.071
Tailor Swif,A$AP Rocky,155391,77.499
First Person Shooter (feat. J. Cole),"Drake, J. Cole",247444,163.997
Atmosphere,"FISHER, Kita Alexander",182857,125.985
9mm,"Memphis Cult, Groove Dealers, SPLYXER",86710,154.964
edamame,"bbno$, Rich Brian",133707,106.036
Breathe,Yeat,170847,118.051
GOOD LOYAL THOTS,Odetari,102557,146.441
Let's Go,Key Glock,140107,75.486
GODS,"League of Legends, NewJeans",220878,145.988
n√©e-nah,"21 Savage, Travis Scott, Metro Boomin",220584,165.409
Fi Kan We Kan,"Bnxn, Rema",161379,145.379
Stronger,Young Jonn,141818,110.14
Are you there?,Ayo Maff,156429,112.014
MMS,"Asake, Wizkid",219628,101.837
OZEBA,Rema,137684,147.989
PUSH 2 START,Tyla,156826,93.482
Awuke,"Davido, YG Marley",172632,113.981
Constantly,"Hyce, BoyPee, Brown Joel",193567,197.98
Piece of My Heart (feat. Brent Faiyaz),"Wizkid, Brent Faiyaz",259354,93.2
JUJU (feat. Shallipopi),"Smur Lee, ODUMODUBLVCK, Shallipopi",157756,113.012
alone - Remix,"FOLA, Bnxn",154579,95.865
Dealer,"Ayo Maff, Fireboy DML",180594,67.813
„Ç¢„Ç§„Éâ„É´,YOASOBI,213234,166.008
KICK BACK,Kenshi Yonezu,193495,101.921
„É©„Ç§„É©„ÉÉ„ÇØ,Mrs. GREEN APPLE,288200,149.923
Èùí„ÅÆ„Åô„Åø„Åã,Tatsuya Kitani,196467,151.99
Bling-Bang-Bang-Born,Creepy Nuts,168136,157.013
„Ç´„Éº„ÉÜ„É≥„Ç≥„Éº„É´,Yuuri,243027,141.131
Êô¥„Çã,„É®„É´„Ç∑„Ç´,270705,101.955
Nobody - from Kaiju No. 8,OneRepublic,153626,139.959
Abyss - from Kaiju No. 8,YUNGBLUD,123293,115.063
ÁµÜ„ÉéÂ•áË∑°,"MAN WITH A MISSION, milet",223320,169.955
„Çø„Ç§„É†„Éë„É©„Éâ„ÉÉ„ÇØ„Çπ,Vaundy,226558,82.05
Master Of Puppets,Metallica,515387,105.173
The Trooper - 2015 Remaster,Iron Maiden,252733,159.756
Walk,Pantera,315120,118.242
Chop Suey!,System Of A Down,210240,127.066
Blind,Korn,258267,92.049
One,Metallica,447440,102.178
Mother,Danzig,204867,148.366
Cowboys from Hell,Pantera,243533,114.816
Duality,Slipknot,252613,143.772
Enter Sandman,Metallica,331267,123.257
Hail to the King,Avenged Sevenfold,305907,118.004
Freak On a Leash,Korn,255733,103.299
Dragula,Rob Zombie,222827,125.033
Nightmare,Avenged Sevenfold,374453,129.984
My Own Summer (Shove It),Deftones,214760,71.841
Schism,TOOL,403533,107.441
"Nuthin' But A ""G"" Thang","Dr. Dre, Snoop Dogg",237573,94.895
Could You Be Loved,Bob Marley & The Wailers,237000,103.314
Welcome To Jamrock,Damian Marley,213200,76.71
Murder She Wrote,Chaka Demus & Pliers,245000,95.107
Buffalo Soldier,Bob Marley & The Wailers,255840,124.084
Still D.R.E.,"Dr. Dre, Snoop Dogg",270587,93.431
Hypnotize - 2014 Remaster,The Notorious B.I.G.,229827,93.941
Doo Wop (That Thing),Ms. Lauryn Hill,320267,99.935
Do For Love,2Pac,281600,95
"Shook Ones, Pt. II",Mobb Deep,325507,93.857
I Got 5 On It,"Luniz, Michael Marshall",253533,174.039
Still Not a Player (feat. Joe) - Radio Version,"Big Pun, Joe",236800,94.121
Juicy - 2005 Remaster,The Notorious B.I.G.,302760,96.063
"Nuthin' But A ""G"" Thang","Dr. Dre, Snoop Dogg",237573,94.895
C.R.E.A.M. (Cash Rules Everything Around Me),Wu-Tang Clan,252027,181.033
Insane in the Brain,Cypress Hill,208267,102.304
ATLiens,Outkast,230693,97.044
N.Y. State of Mind,Nas,293973,84.099
Check Yo Self - Remix,"Ice Cube, Das EFX",273107,101.368
Dear Mama,2Pac,280000,84.115
Survival of the Fittest,Mobb Deep,224533,94.828
Mo Money Mo Problems (feat. Puff Daddy & Mase) - 2014 Remaster,"The Notorious B.I.G., Mase, Diddy",257400,104.536
Can I Kick It?,A Tribe Called Quest,251573,96.662
Keep Ya Head Up,2Pac,262507,172.329
You Shook Me All Night Long,AC/DC,210173,127.361
Everybody Wants To Rule The World,Tears For Fears,251489,112.067
Don't Stop Believin',Journey,248907,119.25
Africa,TOTO,295893,92.718
Back In Black,AC/DC,255493,188.386
Dancing In the Dark,Bruce Springsteen,241307,148.723
You Give Love A Bad Name,Bon Jovi,222707,122.805
Summer Of '69,Bryan Adams,216053,139.13
Should I Stay or Should I Go - Remastered,The Clash,188987,113.375
Under Pressure - Remastered 2011,"Queen, David Bowie",248440,113.805
I Love Rock 'N Roll,Joan Jett & the Blackhearts,175173,94.379
Start Me Up - Remastered 2009,The Rolling Stones,213067,122.431
Jump - 2015 Remaster,Van Halen,241600,129.981
Free Fallin',Tom Petty,256000,84.383
The Final Countdown,Europe,310333,117.662
Hells Bells,AC/DC,312293,106.767
Every Little Thing She Does Is Magic,The Police,260573,81.909
The Boys Of Summer,Don Henley,288733,176.941
Heroes - 2017 Remaster,David Bowie,371413,112.113
Born in the U.S.A.,Bruce Springsteen,278680,122.093
I Won't Back Down,Tom Petty,178360,114.02
Pour Some Sugar On Me - Remastered 2017,Def Leppard,267307,84.989
Wanted Dead Or Alive,Bon Jovi,308667,150.036
Panama - 2015 Remaster,Van Halen,210227,141.167
Run To You,Bryan Adams,233270,126.59
Rock the Casbah - Remastered,The Clash,222427,129.885
The Trooper - 2015 Remaster,Iron Maiden,252733,159.756
Another One Bites The Dust - Remastered 2011,Queen,214653,109.975
Hungry Like the Wolf - 2009 Remaster,Duran Duran,220627,127.568
How Soon Is Now? - 2011 Remaster,The Smiths,408173,190.818
Shout,Tears For Fears,393667,97.909
Runaway,Bon Jovi,230667,152.445
Separate Ways (Worlds Apart) [2023 Remaster],Journey,323453,131.707
Glory Days,Bruce Springsteen,254733,117.486
Hit Me With Your Best Shot,Pat Benatar,171267,127.402
Mother,Danzig,204867,148.366
Edge of Seventeen - 2016 Remaster,Stevie Nicks,329413,111.457
Beds Are Burning - Remastered,Midnight Oil,255680,119.18
Don't Stand So Close To Me,The Police,242667,140.309
Hurts So Good,John Mellencamp,218960,125.447
Hysteria,Def Leppard,354636,107.01
Call Me,Blondie,212227,142.663
Fight For Your Right,Beastie Boys,208653,133.615
Every Rose Has Its Thorn - 2003 Remaster,Poison,260173,140.176
SPIDER,"GIMS, DYSTINCT",188818,119.96
Bolide Noir,"Central Cee, JRK 19",170800,134.937
MAMI WATA,"Gazo, Tiakola",233240,87.973
ABCD,NAYEON,162840,105.969
Rockstar,LISA,138213,140.053
Supernova,aespa,178880,120.073
Armageddon,aespa,196467,91.992
Small girl (feat. D.O.),"Lee Young Ji, D.O.",189707,170.022
SPOT!,"ZICO, JENNIE",167707,108.038
How Sweet,NewJeans,219027,124.994
SHEESH,BABYMONSTER,170357,140.041
LIKE THAT,BABYMONSTER,168359,101.959
Smoothie,NCT DREAM,188080,109.945
Drama,aespa,214973,131.016
Die With A Smile,"Lady Gaga, Bruno Mars",251668,157.969
APT.,"ROS√â, Bruno Mars",169917,149.027
BIRDS OF A FEATHER,Billie Eilish,210373,104.978
That‚Äôs So True,Gracie Abrams,166300,108.548
Who,Jimin,170888,116.034
Running Wild,Jin,151647,146.921
Sailor Song,Gigi Perez,211979,94.938
Taste,Sabrina Carpenter,157280,112.964
Tu Boda,"Oscar Maydon, Fuerza Regida",225881,112.648
WILDFLOWER,Billie Eilish,261467,148.101
Espresso,Sabrina Carpenter,175459,103.963
Timeless (with Playboi Carti),"The Weeknd, Playboi Carti",256000,119.973
"Good Luck, Babe!",Chappell Roan,218424,116.712
Qu√© Pasar√≠a...,"Rauw Alejandro, Bad Bunny",182857,105.008
All I Want for Christmas Is You,Mariah Carey,241107,150.273
Last Christmas - Single Version,Wham!,265960,107.732
Beautiful Things,Benson Boone,180304,105.029
Si Antes Te Hubiera Conocido,KAROL G,195824,128.027
The Emptiness Machine,Linkin Park,190428,184.115
Please Please Please,Sabrina Carpenter,186365,107.015
"I Love You, I'm Sorry",Gracie Abrams,157147,115.94
The Night We Met,Lord Huron,208212,174.097
Kh√©?,"Rauw Alejandro, Romeo Santos",206066,155.865
Sweater Weather,The Neighbourhood,240400,124.053
I Wanna Be Yours,Arctic Monkeys,183956,67.528
Lose Control,Teddy Swims,210689,159.92
See You Again (feat. Kali Uchis),"Tyler, The Creator, Kali Uchis",180387,78.558
Yellow,Coldplay,266773,173.372
"Sticky (feat. GloRilla, Sexyy Red & Lil Wayne)","Tyler, The Creator, GloRilla, Sexyy Red, Lil Wayne",255916,80.09
That's What I Like,Bruno Mars,206693,134.066
Locked out of Heaven,Bruno Mars,233478,143.994
Bed Chem,Sabrina Carpenter,171870,94.99
Like Him (feat. Lola Young),"Tyler, The Creator, Lola Young",278015,96.063
Night Changes,One Direction,226600,120.001
Rockin' Around The Christmas Tree,Brenda Lee,126267,67.086
"One Of The Girls (with JENNIE, Lily Rose Depp)","The Weeknd, JENNIE, Lily-Rose Depp",244685,84.828
Just the Way You Are,Bruno Mars,220734,109.021
A Bar Song (Tipsy),Shaboozey,171292,80.969
NIGHTS LIKE THIS,The Kid LAROI,86984,142.579
Iris,The Goo Goo Dolls,289533,155.925
In the End,Linkin Park,216880,105.143
Too Sweet,Hozier,251424,117.025
Juno,Sabrina Carpenter,223192,130.504
Riptide,Vance Joy,204280,101.654
Heavy Is the Crown,Linkin Park,167012,127.939
DOS D√çAS,"Tito Double P, Peso Pluma",154620,109.935
EL LOKERON,Tito Double P,146141,120.208
Santa Tell Me,Ariana Grande,204093,191.868
Jingle Bell Rock,Bobby Helms,130973,119.705
we can't be friends (wait for your love),Ariana Grande,228639,115.842
LA INOCENTE,"Mora, Feid",202174,91.911
PERRO NEGRO,"Bad Bunny, Feid",162768,96.057
BUBALU,"Feid, Rema",228253,111.989
HACIENDO QUE ME AMAS,Bad Bunny,217769,169.934
Tan Bonita,Piso 21,211998,110.982
Tiroteo - Remix,"Marc Segu√≠, Rauw Alejandro, Pol Granch",321556,110.427
C√≥mo Te Atreves,Morat,240560,130.97
Tacones Rojos,Sebastian Yatra,189320,123.031
Fuera del mercado,Danny Ocean,159849,92.06
Ojitos Lindos,"Bad Bunny, Bomba Est√©reo",258299,79.928
Otro Atardecer,"Bad Bunny, The Mar√≠as",244444,108.02
Yo No Soy Celoso,Bad Bunny,230704,142.004
Neverita,Bad Bunny,173119,122.016
Un Coco,Bad Bunny,196413,151.991
Andrea,"Bad Bunny, Buscabulla",339612,103.071
PROVENZA,KAROL G,210200,111.005
Inolvidable,"Ovy On The Drums, Be√©le",225812,139.929
DESPECH√Å,ROSAL√çA,157018,130.037
"Quevedo: Bzrp Music Sessions, Vol. 52","Bizarrap, Quevedo",198938,128.033
telepat√≠a,Kali Uchis,160191,83.97
AMOR DE CINE,HUMBE,262309,189.978
Gato de Noche,"√ëengo Flow, Bad Bunny",227013,93.976
un x100to,"Grupo Frontera, Bad Bunny",194563,83.118
Si No Est√°s,i√±igo quintero,184061,98.224
CLASSY 101,"Feid, Young Miko",195587,100.09
Martin & Gina,Polo G,132833,93.924
We Paid (feat. 42 Dugg),"Lil Baby, 42 Dugg",181929,135.14
SICKO MODE,Travis Scott,312820,155.008
On Me,Lil Baby,135960,77.972
Chosen 1,Polo G,127200,166.162
Mood (feat. iann dior),"24kGoldn, iann dior",140533,91.007
Lemonade (feat. NAV),"Internet Money, Gunna, Don Toliver, NAV",195429,140.042
FE!N (feat. Playboi Carti),"Travis Scott, Playboi Carti",191701,148.038
Drip Too Hard (Lil Baby & Gunna),"Lil Baby, Gunna",145543,112.509
Yes Indeed,"Lil Baby, Drake",142273,119.957
Roll in Peace (feat. XXXTENTACION),"Kodak Black, XXXTENTACION",213132,140.053
No Heart,"21 Savage, Metro Boomin",235040,140.063
Pop Out (feat. Lil Tjay),"Polo G, Lil Tjay",166560,168.112
Pure Cocaine,Lil Baby,154024,127.05
Bank Account,21 Savage,220307,75.016
Low Down,Lil Baby,144652,127.956
Ready (feat. Gunna),"Lil Baby, Gunna",213287,76.984
10 Freaky Girls (with 21 Savage),"Metro Boomin, 21 Savage",208293,87.997
Freestyle,Lil Baby,162053,119.996
Walk Em Down (feat. Roddy Ricch),"NLE Choppa, Roddy Ricch",173288,84.005
F.N,Lil Tjay,224000,120.1
Baby (Lil Baby feat. DaBaby),"Quality Control, Lil Baby, DaBaby",142417,108.003
back to the moon,Gunna,193333,143.943
fukumean,Gunna,125040,130.001
Stand By Me (feat. Morgan Wallen),"Lil Durk, Morgan Wallen",219174,134.039
EVERY CHANCE I GET (feat. Lil Baby & Lil Durk),"DJ Khaled, Lil Baby, Lil Durk",236524,150.062
3 Headed Goat (feat. Lil Baby & Polo G),"Lil Durk, Lil Baby, Polo G",169532,143.029
Lean Wit Me,Juice WRLD,175755,163.935
Robbery,Juice WRLD,240051,79.899
1400 / 999 Freestyle (feat. Juice WRLD),"Trippie Redd, Juice WRLD",175954,141.996
Wishing Well,Juice WRLD,194621,149.972
All Girls Are The Same,Juice WRLD,165820,161.989
Black & White,Juice WRLD,186945,147.946
Lonely At The Top,Asake,157714,104.986
Stronger,Young Jonn,141818,110.14
Dealer,"Ayo Maff, Fireboy DML",180594,67.813
Goodbyes (feat. Young Thug),"Post Malone, Young Thug",174853,150.097
Type Shit,"Future, Metro Boomin, Travis Scott, Playboi Carti",228267,144.941
Trance (with Travis Scott & Young Thug),"Metro Boomin, Travis Scott, Young Thug",194787,119.476
BAND4BAND (feat. Lil Baby),"Central Cee, Lil Baby",140733,140.113
MMS,"Asake, Wizkid",219628,101.837
Active,"Asake, Travis Scott",172598,112.984
JUJU (feat. Shallipopi),"Smur Lee, ODUMODUBLVCK, Shallipopi",157756,113.012
Too Many Nights (feat. Don Toliver & with Future),"Metro Boomin, Future, Don Toliver",199920,87.973
alone - Remix,"FOLA, Bnxn",154579,95.865
OZEBA,Rema,137684,147.989
Fi Kan We Kan,"Bnxn, Rema",161379,145.379
Piece of My Heart (feat. Brent Faiyaz),"Wizkid, Brent Faiyaz",259354,93.2
Life Goes On,"Lil Baby, Gunna, Lil Uzi Vert",247055,139.978
Kese (Dance),Wizkid,174053,118.079
Night Changes,One Direction,226600,120.001
Easy On Me,Adele,224695,141.981
Wrecking Ball,Miley Cyrus,221360,119.964
All of Me,John Legend,269560,119.93
Just Give Me a Reason (feat. Nate Ruess),"P!nk, Nate Ruess",242733,95
Counting Stars,OneRepublic,257840,122.013
Unstoppable,Sia,217747,173.799
Yellow,Coldplay,266773,173.372
End of Beginning,Djo,159246,159.982
Iris,The Goo Goo Dolls,289533,155.925
Stick Season,Noah Kahan,182347,117.896
When I Was Your Man,Bruno Mars,213827,72.795
Story of My Life,One Direction,245493,121.07
Another Love,Tom Odell,244360,122.769
Something Just Like This,"The Chainsmokers, Coldplay",247160,103.019
lovely (with Khalid),"Billie Eilish, Khalid",200186,115.284
Nonsense,Sabrina Carpenter,163648,138.992
Shape of You,Ed Sheeran,233713,95.977
Something in the Orange,Zach Bryan,228013,175.212
Just the Way You Are,Bruno Mars,220734,109.021
Say You Won't Let Go,James Arthur,211467,85.043
Sure Thing,Miguel,195373,81.001
Perfect,Ed Sheeran,263400,95.05
The Scientist,Coldplay,309600,146.277
Skyfall,Adele,286480,75.881
Thunder,Imagine Dragons,187147,167.997
Lover,Taylor Swift,221307,68.534
Circles,Post Malone,215280,120.042
Heather,Conan Gray,198040,102.078
Ghost,Justin Bieber,153190,153.96
Maps,Maroon 5,189960,120.032
Photograph,Ed Sheeran,258987,107.989
Stitches,Shawn Mendes,206880,149.789
Fix You,Coldplay,295533,138.178
Fast Car,Luke Combs,265493,97.994
Before You Go,Lewis Capaldi,215107,111.881
Anti-Hero,Taylor Swift,200690,96.888
Complicated,Avril Lavigne,244507,77.987
Paradise,Coldplay,278719,139.631
Memories,Maroon 5,189486,91.05
Thinking out Loud,Ed Sheeran,281560,78.998
Drops of Jupiter (Tell Me),Train,259933,79.064
Dance The Night - From Barbie The Album,Dua Lipa,176579,110.056
I Ain't Worried,OneRepublic,148486,139.994
Try,P!nk,247907,103.998
This Love,Maroon 5,206200,95.051
7 Years,Lukas Graham,237300,119.992
Heartbreak Anniversary,Giveon,198371,89.087
Cold Heart - PNAU Remix,"Elton John, Dua Lipa, PNAU",202735,116.032
Like I'm Gonna Lose You (feat. John Legend),"Meghan Trainor, John Legend",225053,108.038
Until I Found You (with Em Beihold) - Em Beihold Version,"Stephen Sanchez, Em Beihold",176440,101.19
She Will Be Loved - Radio Mix,Maroon 5,259453,102
This Town,Niall Horan,232852,111.825
Lil Boo Thang,Paul Russell,114234,114.481
STAY (with Justin Bieber),"The Kid LAROI, Justin Bieber",141806,169.928
Stuck with U (with Justin Bieber),"Ariana Grande, Justin Bieber",228482,178.765
Marry You,Bruno Mars,230192,144.905
Dancing On My Own,Calum Scott,260285,112.672
Without Me,Halsey,201661,136.07
Leave Before You Love Me (with Jonas Brothers),"Marshmello, Jonas Brothers",154983,119.976
Best Day Of My Life,American Authors,194240,100.012
Sugar,Maroon 5,235493,120.076
The Middle,"Zedd, Maren Morris, Grey",184732,107.01
Lose You To Love Me,Selena Gomez,206459,102.819
Nothing Breaks Like a Heart (feat. Miley Cyrus),"Mark Ronson, Miley Cyrus",217099,114.066
Last Night,Morgan Wallen,163855,203.812
Royals,Lorde,190185,84.876
Bleeding Love,Leona Lewis,262467,104.036
A Thousand Miles,Vanessa Carlton,237493,94.931
Love Story (Taylor‚Äôs Version),Taylor Swift,235767,119.054
Se√±orita,"Shawn Mendes, Camila Cabello",190960,116.947
Wide Awake,Katy Perry,220947,159.878
I'm Yours,Jason Mraz,242947,150.96
Wherever You Will Go,The Calling,208600,112.027
Somebody That I Used To Know,"Gotye, Kimbra",244973,129.062
Girl on Fire,Alicia Keys,224920,92.513
You Know I'm No Good,Amy Winehouse,257187,103.375
Be Alright,Dean Lewis,196373,126.684
Someone To You,BANNERS,219801,74.988
Arcade,Duncan Laurence,183624,72.023
Fight Song,Rachel Platten,204013,175.924
Teenage Dream,Katy Perry,227741,120.012
What About Us,P!nk,269600,113.608
Demons,Imagine Dragons,175200,89.929
If You Love Her,Forest Blakk,217352,50.827
Issues,Julia Michaels,176320,114.145
You Say,Lauren Daigle,274693,147.873
If the World Was Ending (feat. Julia Michaels),"JP Saxe, Julia Michaels",208687,75.801
Halo,Beyonc√©,261640,79.983
We Are Young (feat. Janelle Mon√°e),"fun., Janelle Mon√°e",250627,184.086
No One,Alicia Keys,253813,90.04
Back To Black,Amy Winehouse,240440,123.28
"10,000 Hours (with Justin Bieber)","Dan + Shay, Justin Bieber",167693,89.991
Rise Up,Andra Day,253342,118.582
Part Of Me,Katy Perry,216160,130.007
jar of hearts,Christina Perri,246587,74.541
Chandelier,Sia,216120,117.089
Control,Zoe Wees,230880,113.81
Locked out of Heaven,Bruno Mars,233478,143.994
Starboy,"The Weeknd, Daft Punk",230453,186.003
Without Me,Eminem,290320,112.238
Shape of You,Ed Sheeran,233713,95.977
Give Me Everything (feat. Nayer),"Pitbull, AFROJACK, Ne-Yo, Nayer",252307,129.024
Take on Me,a-ha,225280,84.412
Hips Don't Lie (feat. Wyclef Jean),"Shakira, Wyclef Jean",218093,100.024
Yeah! (feat. Lil Jon & Ludacris),"USHER, Lil Jon, Ludacris",250373,105.018
Shut Up and Dance,WALK THE MOON,199080,128.038
Livin' On A Prayer,Bon Jovi,249293,122.509
Wake Me Up,Avicii,247427,124.08
Toxic,Britney Spears,198800,143.04
Sweet Dreams (Are Made of This) - 2005 Remaster,"Eurythmics, Annie Lennox, Dave Stewart",216933,125.135
TiK ToK,Kesha,199693,120.028
Sorry,Justin Bieber,200787,99.947
Dancing Queen,ABBA,230400,100.804
Outside (feat. Ellie Goulding),"Calvin Harris, Ellie Goulding",227267,128.035
The Way I Are,"Timbaland, Keri Hilson, D.O.E.",179120,114.742
Timber,"Pitbull, Kesha",204160,129.992
The Nights,Avicii,176658,125.983
DJ Got Us Fallin' In Love (feat. Pitbull),"USHER, Pitbull",220800,119.963
...Baby One More Time,Britney Spears,211067,92.96
Ms. Jackson,Outkast,270507,94.948
Poker Face,Lady Gaga,237200,119.001
Time of Our Lives,"Pitbull, Ne-Yo",229360,124.022
Summer,Calvin Harris,222533,127.949
I Wanna Dance with Somebody (Who Loves Me),Whitney Houston,291293,118.818
Don't Let Me Down,"The Chainsmokers, Daya",208373,159.805
Gimme More,Britney Spears,251240,113.324
24K Magic,Bruno Mars,225983,106.97
Girls Just Want to Have Fun,Cyndi Lauper,238267,120.372
Summer Of '69,Bryan Adams,216053,139.13
Stereo Hearts (feat. Adam Levine),"Gym Class Heroes, Adam Levine",210960,89.99
Call Me Maybe,Carly Rae Jepsen,193400,120.021
No Lie,"Sean Paul, Dua Lipa",221176,102.04
Titanium (feat. Sia),"David Guetta, Sia",245040,126.062
SexyBack (feat. Timbaland),"Justin Timberlake, Timbaland",242733,117
I Gotta Feeling,Black Eyed Peas,289133,127.966
What Do You Mean?,Justin Bieber,205680,125.02
Don't Stop The Music,Rihanna,267080,122.669
Wannabe,Spice Girls,173027,110.009
"Moves Like Jagger - Studio Recording From ""The Voice"" Performance","Maroon 5, Christina Aguilera",201493,128.046
Oops!...I Did It Again,Britney Spears,211160,95.053
Tainted Love,Soft Cell,153800,144.438
Just Dance,"Lady Gaga, Colby O'Donis",241933,118.99
Blame (feat. John Newman),"Calvin Harris, John Newman",212960,128.024
Candy Shop,"50 Cent, Olivia",209107,125.18
Gimme! Gimme! Gimme! (A Man After Midnight),ABBA,292613,119.528
Don't You Worry Child - Radio Edit,"Swedish House Mafia, John Martin",212862,129.042
Sugar (feat. Francesco Yates),"Robin Schulz, Francesco Yates",219043,123.063
Rock Your Body,Justin Timberlake,267267,100.972
Disturbia,Rihanna,238627,124.921
Believe,Cher,239027,132.975
Don't Go Breaking My Heart,"Elton John, Kiki Dee",275440,131.459
Can't Get You out of My Head,Kylie Minogue,230640,126.007
Temperature,Sean Paul,218573,125.04
Latch,"Disclosure, Sam Smith",255632,121.981
Waiting For Love,Avicii,230613,127.999
On The Floor,"Jennifer Lopez, Pitbull",284867,130.003
9 to 5,Dolly Parton,162467,105.39
Family Affair,Mary J. Blige,265867,92.887
Shake It Off,Taylor Swift,219200,160.078
Pon de Replay,Rihanna,246960,99.017
Lady - Hear Me Tonight,Modjo,307154,126.041
All That She Wants,Ace of Base,211213,93.764
Wild Ones (feat. Sia),"Flo Rida, Sia",232947,127.075
Get Lucky (Radio Edit) [feat. Pharrell Williams and Nile Rodgers],"Daft Punk, Pharrell Williams, Nile Rodgers",248413,116.047
Levels - Radio Edit,Avicii,199907,126.04
Billie Jean,Michael Jackson,293827,117.046
Feel This Moment (feat. Christina Aguilera),"Pitbull, Christina Aguilera",229507,135.956
I Love Rock 'N Roll,Joan Jett & the Blackhearts,175173,94.379
Crazy In Love (feat. Jay-Z),"Beyonc√©, JAY-Z",236133,99.165
This Is What You Came For,"Calvin Harris, Rihanna",222160,123.962
Can't Hold Us (feat. Ray Dalton),"Macklemore, Ryan Lewis, Macklemore & Ryan Lewis, Ray Dalton",258343,146.078
Starships,Nicki Minaj,210627,125.006
No Diggity,"Blackstreet, Dr. Dre, Queen Pen",304600,88.634
Walking On Sunshine,Katrina & The Waves,238733,109.901
Club Can't Handle Me (feat. David Guetta),"Flo Rida, David Guetta",234560,127.966
International Love (feat. Chris Brown),"Pitbull, Chris Brown",227280,120.05
Mamma Mia,ABBA,213267,137.547
Don't You Want Me,The Human League,236920,117.656
"CAN'T STOP THE FEELING! (from DreamWorks Animation's ""TROLLS"")",Justin Timberlake,236002,113.03
Boogie Wonderland,"Earth, Wind & Fire, The Emotions",288293,131.715
Under Control (feat. Hurts),"Calvin Harris, Alesso, Hurts",184280,126.094
Con Calma,"Daddy Yankee, Snow",193227,93.989
Glad You Came,The Wanted,197936,126.885
Lean On (feat. M√ò & DJ Snake),"Major Lazer, M√ò, DJ Snake",176561,98.007
Good Feeling,Flo Rida,248133,128.011
Alors on danse - Radio Edit,Stromae,206067,119.958
We Found Love,"Rihanna, Calvin Harris",215227,127.975
Jump - 2015 Remaster,Van Halen,241600,129.981
Good Time,"Owl City, Carly Rae Jepsen",205933,126.05
Replay,Iyaz,182307,91.031
Break Free,"Ariana Grande, Zedd",214840,129.948
"Freed From Desire - prod. Molella, Phil Jay","Gala, Molella, Phil Jay",213394,128.99
Flashdance...What a Feeling - Radio Edit,Irene Cara,237053,122.49
Ride Wit Me,"Nelly, City Spud",291782,101.875
Mambo No. 5 (a Little Bit of...),Lou Bega,220293,174.06
One More Time,Daft Punk,320357,122.746
Let's Groove,"Earth, Wind & Fire",339320,125.035
The Final Countdown,Europe,310333,117.662
"Whenever, Wherever",Shakira,196160,107.657
Destination Calabria - Radio Edit,"Alex Gaudino, Crystal Waters",223112,128.016
Everybody (Backstreet's Back) - Radio Edit,Backstreet Boys,225360,108.016
Like a Prayer,Madonna,342680,111.038
Hot N Cold,Katy Perry,220227,132.032
Bye Bye Bye,*NSYNC,200560,172.656
Hot In Herre,Nelly,228240,107.075
Take A Chance On Me,ABBA,243933,107.064
Barbie Girl,Aqua,197960,129.991
Give It To Me,"Timbaland, Justin Timberlake, Nelly Furtado",234027,110.621
Just Can't Get Enough,Depeche Mode,220893,128.168
Stayin' Alive,Bee Gees,92867,103.644
Return of the Mack,Mark Morrison,213093,95.487
Don't Stop 'Til You Get Enough,Michael Jackson,365467,118.881
Infinity 2008 - Klaas Vocal Edit,"Guru Josh Project, Klaas",192294,128.036
King,Olly Alexander (Years & Years),215360,119.975
"December, 1963 (Oh What a Night!)",Frankie Valli & The Four Seasons,197147,104.409
Don't Worry (with Ray Dalton) - Radio Edit,"Madcon, Ray Dalton",214789,122.987
Livin' la Vida Loca,Ricky Martin,243160,178.043
Blurred Lines,"Robin Thicke, T.I., Pharrell Williams",263827,119.993
4 Minutes (feat. Justin Timberlake & Timbaland),"Madonna, Justin Timberlake, Timbaland",189693,113.026
Call on Me - Radio Mix,Eric Prydz,171360,126.342
Best of My Love,The Emotions,220560,115.443
Get Up (Rattle) [feat. Far East Movement] - Vocal Edit,"Bingo Players, Far East Movement",166933,127.99
Kiss,Prince,226240,111.485
Where Them Girls At (feat. Nicki Minaj & Flo Rida),"David Guetta, Flo Rida, Nicki Minaj",194840,129.884
I Kissed A Girl,Katy Perry,179640,129.996
Summertime Sadness (Lana Del Rey Vs. Cedric Gervais) - Cedric Gervais Remix,"Lana Del Rey, Cedric Gervais",214912,126.052
Dynamite,Taio Cruz,202613,119.977
Born in the U.S.A.,Bruce Springsteen,278680,122.093
Miami,Will Smith,197560,108.17
Coco Jamboo,Mr. President,218733,100.021
Born to Be Alive - The Original,Patrick Hernandez,188133,131.468
Music Sounds Better With You - Radio Edit,"Stardust, Benjamin Diamond, Alan Braxe, Thomas Bangalter",260907,124.149
Gangnam Style (Í∞ïÎÇ®Ïä§ÌÉÄÏùº),PSY,219493,132.067
Party Rock Anthem,"LMFAO, Lauren Bennett, GoonRock",262147,130.011
All Around The World (La La La),"R3HAB, A Touch Of Class",147840,124.948
The Sign,Ace of Base,191240,96.987
Don't Cha,"The Pussycat Dolls, Busta Rhymes",272080,120.016
U Can't Touch This,MC Hammer,257360,133.149
Love Really Hurts Without You,Billy Ocean,179013,140.982
Cotton Eye Joe,Rednex,194000,131.986
Born This Way,Lady Gaga,260253,123.907
Rockabye (feat. Sean Paul & Anne-Marie),"Clean Bandit, Sean Paul, Anne-Marie",251088,101.965
Heroes (we could be),"Alesso, Tove Lo",210013,125.896
Tarzan Boy,Baltimora,378947,107.363
The Rhythm of the Night,Corona,264280,127.808
Never Forget You,"Zara Larsson, MNEK",213428,146.005
Ice Ice Baby,Vanilla Ice,254467,116.012
Beanie,Chezile,132160,138.978
the perfect pair,beabadoobee,177533,146.053
Nothing's New,Rio Romeo,211000,96.192
Bags,Clairo,260520,104.996
Tip Toe,HYBS,224726,163.9
For the First Time,Mac DeMarco,182307,75.515
Better,sign crushes motorist,98750,129.989
Ghostride,Crumb,126120,87.057
4EVER,Clairo,159595,102.331
In A Good Way,Faye Webster,224680,71.123
i wanna be your girlfriend,girl in red,204991,155.901
In the End,Linkin Park,216880,105.143
The Emptiness Machine,Linkin Park,190428,184.115
Too Sweet,Hozier,251424,117.038
Like a Stone,Audioslave,293960,107.849
Do I Wanna Know?,Arctic Monkeys,272394,85.03
Californication,Red Hot Chili Peppers,329733,96.483
Iris,The Goo Goo Dolls,289533,155.925
Ride,Twenty One Pilots,214507,74.989
Otherside,Red Hot Chili Peppers,255373,123.229
What I've Done,Linkin Park,205227,120.092
Decode,Paramore,261960,164.057
Breaking the Habit,Linkin Park,196133,100.016
Maps,Yeah Yeah Yeahs,219987,119.783
BURN IT DOWN,Linkin Park,230253,110.006
Everlong,Foo Fighters,250547,158.066
New Divide,Linkin Park,268613,117.971
21 Guns,Green Day,321093,159.779
Everybody's Changing,Keane,215880,94.015
Leave Out All The Rest,Linkin Park,209307,80.401
I Don't Love You,My Chemical Romance,238680,169.835
Scar Tissue,Red Hot Chili Peppers,215907,88.969
Where Is My Mind?,Pixies,229227,81.201
CASTLE OF GLASS,Linkin Park,205400,108
Can't Stop,Red Hot Chili Peppers,269000,91.455
Black,Pearl Jam,342653,77.15
You Get What You Give,New Radicals,300773,113.967
THE LONELIEST,M√•neskin,247067,129.786
Ain't No Rest for the Wicked,Cage The Elephant,175493,156.036
Snow (Hey Oh),Red Hot Chili Peppers,334667,104.655
Supermassive Black Hole,Muse,212440,120
Even Flow,Pearl Jam,292581,105.338
My Demons,STARSET,288036,173.008
Uprising,Muse,304840,128.019
Use Somebody,Kings of Leon,230760,137.028
Dani California,Red Hot Chili Peppers,282160,96.184
"Sex, Drugs, Etc.",Beach Weather,196784,143.969
In My Place,Coldplay,226680,144.636
Paralyzer,Finger Eleven,208107,106.031
Last Night on Earth,Green Day,236533,119.955
Would? (2022 Remaster),Alice In Chains,206773,100.127
In the Shadows,The Rasmus,257920,105.991
Take Me Out,Franz Ferdinand,237027,104.561
Far Behind,Candlebox,299733,89.518
No One Knows,Queens of the Stone Age,278747,170.411
Just Like Heaven,The Cure,212013,151.417
By the Way,Red Hot Chili Peppers,216933,122.444
Two Faced,Linkin Park,183584,91.906
Starburster,Fontaines D.C.,221451,98.021
Beaches,beabadoobee,230053,82.002
The Emptiness Machine,Linkin Park,190428,184.115
Fear of the Dark - 2015 Remaster,Iron Maiden,438120,109.825
Seek & Destroy - Remastered,Metallica,414720,140.817
Cowboys from Hell,Pantera,243533,114.816
Master Of Puppets,Metallica,515387,105.173
The Trooper - 2015 Remaster,Iron Maiden,252733,159.756
Walk,Pantera,315120,118.242
Chop Suey!,System Of A Down,210240,127.066
Blind,Korn,258267,92.049
One,Metallica,447440,102.178
Mother,Danzig,204867,148.366
Cowboys from Hell,Pantera,243533,114.816
Duality,Slipknot,252613,143.772
Enter Sandman,Metallica,331267,123.257
Hail to the King,Avenged Sevenfold,305907,118.004
Freak On a Leash,Korn,255733,103.299
Dragula,Rob Zombie,222827,125.033
Nightmare,Avenged Sevenfold,374453,129.984
My Own Summer (Shove It),Deftones,214760,71.841
Schism,TOOL,403533,107.441
Complicated,Avril Lavigne,244507,77.987
Dirty Little Secret,The All-American Rejects,193653,143.85
The Middle,Jimmy Eat World,165853,162.152
Gives You Hell,The All-American Rejects,213107,100.008
1985,Bowling For Soup,193000,119.974
Stacy's Mom,Fountains Of Wayne,197987,118.015
Misery Business,Paramore,211520,172.977
Call Me When You're Sober,Evanescence,214707,93.41
Sk8er Boi,Avril Lavigne,204000,149.937
I'm with You,Avril Lavigne,223067,151.95
My Happy Ending,Avril Lavigne,242413,170.229
The Anthem,Good Charlotte,175093,177.751
Ain't It Fun,Paramore,296520,104.031
Still into You,Paramore,216013,136.01
I Write Sins Not Tragedies,Panic! At The Disco,186635,170.094
All The Small Things,blink-182,167067,148.708
Wake Me up When September Ends,Green Day,285653,104.98
Bring Me To Life,Evanescence,235893,94.612
What the Hell,Avril Lavigne,220707,149.976
I Miss You,blink-182,227240,110.024
Boulevard of Broken Dreams,Green Day,262333,167.06
American Idiot,Green Day,176346,186.113
Beverly Hills,Weezer,196093,87.904
The Only Exception,Paramore,267653,137.715
I Think I'm OKAY (with YUNGBLUD & Travis Barker),"mgk, YUNGBLUD, Travis Barker",169397,119.921
My Own Worst Enemy,Lit,169027,103.408
Ocean Avenue,Yellowcard,198267,173.734
Face Down,The Red Jumpsuit Apparatus,192000,92.956
Miss Murder,AFI,206587,143.519
Thnks fr th Mmrs,Fall Out Boy,203507,154.844
Teenagers,My Chemical Romance,161920,111.647
Fat Lip,Sum 41,178267,196.482
What's My Age Again?,blink-182,148360,157.663
Feel Good Inc.,Gorillaz,222640,138.559
I'm Not Okay (I Promise),My Chemical Romance,186480,179.722
Decode,Paramore,261960,164.057
Hard Times,Paramore,182693,119.965
Helena,My Chemical Romance,204733,125.921
Famous Last Words,My Chemical Romance,299227,122.252
Na Na Na (Na Na Na Na Na Na Na Na Na),My Chemical Romance,205960,165.981
I Don't Love You,My Chemical Romance,238680,169.835
The Ghost of You,My Chemical Romance,194253,145.781
First Date,blink-182,171533,95.594
"Sugar, We're Goin Down",Fall Out Boy,229093,162.011
"Dance, Dance",Fall Out Boy,180267,114.451
The Rock Show,blink-182,171600,193.144
Holiday / Boulevard of Broken Dreams,Green Day,493400,167.086
Adam's Song,blink-182,249627,136.02
King For A Day,"Pierce The Veil, Kellin Quinn",236293,112.363
Bulls In The Bronx,Pierce The Veil,267867,159.989
Sacrifice,Elton John,304133,112.751
I Will Always Love You,Whitney Houston,271093,67.531
Against All Odds (Take a Look at Me Now) - 2016 Remaster,Phil Collins,206360,116.262
End Of The Road,Boyz II Men,351467,149.705
The Power of Love,C√©line Dion,342400,140.054
"It Must Have Been Love - From the Film ""Pretty Woman""",Roxette,258787,80.61
You Are Not Alone,Michael Jackson,345600,119.873
Stuck On You,Lionel Richie,192067,131.783
Killing Me Softly With His Song,Roberta Flack,286920,121.948
Saving All My Love for You,Whitney Houston,238467,99.304
Only Time,Enya,218547,82.803
Apologize,OneRepublic,208107,118.01
I'm Alive,C√©line Dion,210227,101.991
Kiss from a Rose,Seal,288427,131.745
Mad,Ne-Yo,254533,129.993
Let Me Love You,Mario,249120,94.519
Halo,Beyonc√©,261640,79.983
Yo (Excuse Me Miss),Chris Brown,229040,86.768
It's All Coming Back to Me Now,C√©line Dion,456867,87.903
"Because You Loved Me (Theme from ""Up Close and Personal"")",C√©line Dion,273667,119.919
A Thousand Miles,Vanessa Carlton,237493,94.931
Sexual Healing,Marvin Gaye,238600,94.382
All My Life,K-Ci & JoJo,331240,128.019
You're Beautiful,James Blunt,209493,81.998
Say My Name,Destiny's Child,271333,138.009
Baby,"Justin Bieber, Ludacris",214240,65.043
U Remind Me,USHER,266893,93.985
Confessions Part II,USHER,211200,138.007
Drunk in Love (feat. Jay-Z),"Beyonc√©, JAY-Z",323480,140.036
Down,"Jay Sean, Lil Wayne",212507,132.012
Love The Way You Lie,"Eminem, Rihanna",263373,86.989
Hate That I Love You,"Rihanna, Ne-Yo",218947,93.867
No Love,"Eminem, Lil Wayne",299507,129.473
Mirror,"Lil Wayne, Bruno Mars",228093,74.267
Baby Can I Hold You,Tracy Chapman,193120,74.375
No One,Alicia Keys,253813,90.04
So Into You,Tamia,261867,184.374
Stan,"Eminem, Dido",404107,80.063
Bleeding Love,Leona Lewis,262467,104.036
We Belong Together,Mariah Carey,201400,139.987
Nothing's Gonna Change My Love for You,George Benson,242679,136.628
When I See U,Fantasia,217347,93.135
Another Day in Paradise - 2016 Remaster,Phil Collins,322133,101.967
Stand By Me,Ben E. King,180056,118.068
Beautiful Girls,Sean Kingston,225373,130.009
Sweet Home Alabama,Lynyrd Skynyrd,283800,97.785
Free Bird,Lynyrd Skynyrd,547107,118.222
Simple Man,Lynyrd Skynyrd,356627,120.47
S P E Y S I D E,Bon Iver,209078,140.232
Stick Season,Noah Kahan,182347,117.896
Silver Lining,Mt. Joy,199827,144.458
To Build A Home,"The Cinematic Orchestra, Patrick Watson",371320,148.658
My Home,Myles Smith,206250,95.968
Stubborn Love,The Lumineers,279000,115.011
Thinking 'Bout Love,Wild Rivers,199391,141.8
i am not who i was,Chance Pe√±a,145438,129.9
THINGS BEHIND THINGS BEHIND THINGS,Bon Iver,200589,157.338
Orange Juice,Noah Kahan,297103,120.133
Evergreen,Richy Mitch & The Coal Miners,87000,79.109
anything,Adrianne Lenker,202047,83.943
Work Song,Hozier,229720,121.412
Je te laisserai des mots,Patrick Watson,160853,132.679
Scared To Start,Michael Marcagi,159636,148.035
Big Black Car,Gregory Alan Isakov,217467,110.044
Solo,Myles Smith,199756,122.877
Turn out fine,Henrik,147608,87.003
Riptide,Vance Joy,204280,101.654
Good To Be,Mark Ambor,147167,94.009
Homesick,Noah Kahan,194417,170.076
The Mountain Is You,Chance Pe√±a,196211,108.953
Saturday Sun,Vance Joy,214720,99.995
Sailor Song,Gigi Perez,211979,94.938
Down by the Water,Ocie Elliott,178293,95.015
Walkin‚Äô Back to Georgia,Jim Croce,171853,128.094
The Devil Wears a Suit and Tie,Colter Wall,236027,127.823
Heart of Gold,Neil Young,187110,171.402
Operator (That's Not the Way It Feels),Jim Croce,229707,130.398
A Horse with No Name,"America, George Martin",252240,123.188
Down by the Water,Ocie Elliott,178293,95.015
Sleeping on the Blacktop,Colter Wall,192480,82.789
White Brown Black,"Avvy Sra, Karan Aujla, Jaani",176000,119.965
Brown Munde,"AP Dhillon, Gminxr, Gurinder Gill, Shinda Kahlon",254400,100.024
Can We Kiss Forever?,"Kina, Adriana Proenza",187932,109.986
Get You The Moon (feat. Sn√∏w),"Kina, Sn√∏w",179080,118.917
Behind Every Decision,Yehezkel Raz,105941,69.677
Black Friday (pretty like the sun),"Lost Frequencies, Tom Odell",145599,126.031
Stumblin' In,CYRIL,213364,126.089
For Life (feat. Nile Rodgers),"Kygo, Zak Abel, Nile Rodgers",175803,122.085
This Girl (Kungs Vs. Cookin' On 3 Burners),"Kungs, Cookin' On 3 Burners",195547,121.985
Hold Me,Lavern,140000,120
Whatever,"Kygo, Ava Max",178273,108.005
Riptide,TWOPILOTS,154731,113.998
Stumblin' In,CYRIL,213364,126.089
I Adore You (feat. Daecolm),"HUGEL, Topic, Arash, Daecolm",214000,119.996
Black Friday (pretty like the sun),"Lost Frequencies, Tom Odell",145599,126.031
Summer,Calvin Harris,222533,127.949
Give It To Me - Full Vocal Mix,Matt Sassari,102861,126.027
I Only Smoke When I Drink,nimino,198425,127.028
It's Not Right But It's Okay,Mr. Belt & Wezol,152305,128.004
Never Going Home Tonight (feat. Madison Love),"David Guetta, Alesso, Madison Love",164285,125.91
Belly Dancer,"Imanbek, BYOR",151475,121.985
Whatever,"Kygo, Ava Max",178273,108.005
Deep Down (feat. Never Dull),"Alok, Ella Eyre, Kenny Dope, Never Dull",165753,125.952
Ferrari,"James Hype, Miggy Dela Rosa",186662,125.004
Thunder,"Gabry Ponte, LUM!X, Prezioso",160000,101.216
(It Goes Like) Nanana - Edit,Peggy Gou,231545,129.998
Baian√°,Bakermat,180843,121.964
Supernova Love,"IVE, David Guetta",199505,120.032
Forever Young,"David Guetta, Alphaville, Ava Max",156923,129.89
Mwaki,"Zerb, Sofiya Nzau",208135,120.033
Alibi (feat. Rudimental),"Ella Henderson, Rudimental",184852,87.024
Gatluak - Bakermat Remix,"Kronan, Nyaruach, Bakermat",139384,117.737
21 Reasons (feat. Ella Henderson),"Nathan Dawe, Ella Henderson",155253,123.96
K.O.,"LAVINIA, Ely Oaks",137223,129.973
Move Your Body,"√ñwnboss, Sevek",157445,125.051
Around The World,"Niklas Dee, Ren√© Miller",140987,75.031
Where Did You Go? (feat. MNEK),"Jax Jones, MNEK",177689,127.034
Good Love,"Hannah Laing, RoRo",169535,140.039
Never Walk Alone,"BLOND:ISH, Stevie Appleton",188360,129.995
adore u,"Fred again.., Obongjayar",220653,124.015
Hold On Me,"Kygo, Sandro Cavazza",171785,123.006
Makeba - Ian Asher Remix,"Jain, Ian Asher",125179,123.993
Tantalizing,"Ti√´sto, Soaky Siren",146341,123.031
World Gone Wild (feat. Sam Martin),"Robin Schulz, CYRIL, Sam Martin",146523,127.993
Whistle (feat. Calum Scott),"Jax Jones, Calum Scott",181957,124.025
Born To Love Ya,"Gabry Ponte, Sean Paul, NATTI NATASHA",155077,130.02
Love Is The Only Thing,Lost Frequencies,171094,127.938
2 Times,"Dimitri Vegas, Steve Aoki, Ann Lee, Sound Of Legend",152000,74.973
Deep In Your Love,"Alok, Bebe Rexha",144649,130.085
Happier (feat. Clementine Douglas),"The Blessed Madonna, Clementine Douglas",170359,126.056
Honey Boy (feat. Nile Rodgers & Shenseea),"Purple Disco Machine, Benjamin Ingrosso, Nile Rodgers, Shenseea",227283,119.984
You & Me - Flume Remix,"Disclosure, Eliza Doolittle, Flume",282813,75.066
Roses,"The Chainsmokers, ROZES",226739,100.001
Alone,Marshmello,273803,141.99
Hold Me,Lavern,140000,120
El List√≥n De Tu Pelo,Los √Ångeles Azules,216107,81.109
17 A√±os,Los √Ångeles Azules,181307,90.941
Piensa En M√≠,Grupo Mojado,177040,80.096
57,"KAROL G, Feid, DFZM, Ovy On The Drums, J Balvin, Maluma, Ryan Castro, Blessd",298131,91.98
Gata Only (Remix),"FloyyMenor, Ozuna, Anitta",230526,99.998
PELIGROSA,FloyyMenor,134930,100.025
SE TE NOTA (feat. Peso Pluma),"Myke Towers, Peso Pluma",190107,104.008
ADIVINO,"Myke Towers, Bad Bunny",278644,117.994
REINA,"Mora, SAIKO",211879,167.985
PERRO NEGRO,"Bad Bunny, Feid",162768,96.057
HIBIKI,"Bad Bunny, Mora",208000,119.935
MONACO,Bad Bunny,267194,139.056
FINA,"Bad Bunny, Young Miko",216328,94.601
DILUVIO,Rauw Alejandro,197053,94.969
QLONA,"KAROL G, Peso Pluma",172798,169.918
WHERE SHE GOES,Bad Bunny,231704,143.978
Coco Chanel,"Eladio Carrion, Bad Bunny",208125,140.017
La Jumpa,"Arc√°ngel, Bad Bunny",255693,123.06
Me Porto Bonito,"Bad Bunny, Chencho Corleone",178567,92.005
Andrea,"Bad Bunny, Buscabulla",339612,103.071
Efecto,Bad Bunny,213061,98.047
Tit√≠ Me Pregunt√≥,Bad Bunny,243717,106.672
Tarot,"Bad Bunny, JHAYCO",237895,114.011
La Corriente,"Bad Bunny, Tony Dize",198367,196.12
MEMORIAS,"Mora, JHAYCO",228750,127.963
Pa' Que Retozen,Tego Calder√≥n,151667,91.995
Volv√≠,"Aventura, Bad Bunny",230125,175.896
Volando - Remix,"Mora, Bad Bunny, Sech",273474,153.979
Yonaguni,Bad Bunny,206710,179.951
TE MUDASTE,Bad Bunny,130014,92.025
LA NOCHE DE ANOCHE,"Bad Bunny, ROSAL√çA",203201,81.993
"Yo x Ti, Tu x Mi","ROSAL√çA, Ozuna",201040,91.952
D√ÅKITI,"Bad Bunny, JHAYCO",205090,109.928
Hasta Que Dios Diga,"Anuel AA, Bad Bunny",246000,174.021
Safaera,"Bad Bunny, Jowell & Randy, √ëengo Flow",295177,96.172
La Dif√≠cil,Bad Bunny,163084,179.87
A Tu Merced,Bad Bunny,175918,92.023
Si Veo a Tu Mam√°,Bad Bunny,170972,129.928
La Zona,Bad Bunny,136893,93.992
Yo Perreo Sola,Bad Bunny,172127,97.014
Fantasias,"Rauw Alejandro, Farruko",199711,94.004
Velitas,"Darell, Brytiago",225542,165.951
LA CANCI√ìN,"J Balvin, Bad Bunny",242573,176.088
QUE PRETENDES,"J Balvin, Bad Bunny",222347,92.603
Callaita,"Bad Bunny, Tainy",250534,176.169
Con Altura,"ROSAL√çA, J Balvin, El Guincho",161627,97.963
Verte Ir,"DJ Luian, Mambo Kingz, Anuel AA, Nicky Jam, Darell, Brytiago",267500,95.982
Con Calma,"Daddy Yankee, Snow",193227,93.989
Mayores,"Becky G, Bad Bunny",203187,96.993
512,"Mora, JHAYCO",193636,87.961
Ay Vamos,J Balvin,226413,173.916
Borro Cassette,Maluma,207307,175.95
6:00 AM,"J Balvin, Farruko",243227,175.965
Sensualidad,"Bad Bunny, Prince Royce, J Balvin, Mambo Kingz, DJ Luian",297485,140.006
Sigue Bailandome,"Yannc, Darkiel, Eladio Carrion, Brray, Myke Towers",352442,106.034
No Es Justo,"J Balvin, Zion & Lennox",250840,87.864
Una Vez,"Bad Bunny, Mora",232496,83.836
Una Locura,"Ozuna, J Balvin, Chencho Corleone",230693,168.022
Bandido,"Myke Towers, Juhn",232853,168.021
UN PESO,"J Balvin, Bad Bunny, Marciano Cantero",277107,79.31
EL MAKINON,"KAROL G, Mariah Angeliq",209160,88.863
Pepas,Farruko,287120,130.001
ALMAS GEMELAS,Myke Towers,235411,94.979
Bichiyal,"Bad Bunny, Yaviah",196500,93.956
Lo Siento BB:/ (with Bad Bunny & Julieta Venegas),"Tainy, Bad Bunny, Julieta Venegas",207301,169.888
MAMIII,"Becky G, KAROL G",226088,93.991
Desesperados,"Rauw Alejandro, Chencho Corleone",224997,90.02
Te Felicito,"Shakira, Rauw Alejandro",172235,174.14
Despu√©s de la Playa,Bad Bunny,230400,78.293
Moscow Mule,Bad Bunny,245940,99.968
Agosto,Bad Bunny,139041,115.018
Hola - Remix,"Dalex, Lenny Tav√°rez, Chencho Corleone, Juhn, D√≠melo Flow",249520,181.891
GAT√öBELA,"KAROL G, Maldy",209160,92.523
¬øQu√© Nos Pas√≥?,Anuel AA,245739,95
LA INOCENTE,"Mora, Feid",202174,91.911
Sexo Virtual,Rauw Alejandro,208292,179.879
Nost√°lgico,"Rvssian, Rauw Alejandro, Chris Brown",209884,98.026
Gato de Noche,"√ëengo Flow, Bad Bunny",227013,93.976
La Bebe - Remix,"Yng Lvcas, Peso Pluma",234353,169.922
QUEMA,"Ryan Castro, Peso Pluma, SOG",150619,97.008
LALA,Myke Towers,197920,91.986
Lollipop,Darell,199947,102.984
Pa Ti Estoy,"Ozuna, Anuel AA, Chris Jedi",206103,162.087
Coraz√≥n Roto - Remix,"Brray, JHAYCO, Ryan Castro",275040,92.998
El Efecto - Remix,"Rauw Alejandro, Chencho Corleone, KEVVO, Bryant Myers, Lyanno, Dalex",289899,167.969
BELLAKEO,"Peso Pluma, Anitta",197333,180.011
Si Se Da - Remix,"Myke Towers, Farruko, Arc√°ngel, Sech, Zion",332240,93.999
Nada,"Cazzu, Lyanno, Rauw Alejandro, Dalex",305114,98.992
Santa,"Rvssian, Rauw Alejandro, Ayra Starr",193039,99.993
Guay,"Ozuna, Bad Gyal",210788,96.037
HASTA ABAJO,"KEVIN ROLDAN, Bryant Myers, Lyanno",229827,169.727
BBY BOO - REMIX,"iZaak, JHAYCO, Anuel AA",275862,173.97
SI NO ES CONTIGO,Cris Mj,156171,100.02
Gata Only,"FloyyMenor, Cris Mj",222000,99.986
ELOVRGA,"Alex Favela, Grupo Marca Registrada, Joaquin Medina",194769,129.992
Porno,"Rich Music LTD, Sech, Dalex, Justin Quiles, Lenny Tav√°rez, Feid",212653,92.009
Si Antes Te Hubiera Conocido,KAROL G,195824,128.027
NEL,Fuerza Regida,149074,100.029
Que Se Cuide,"Luis R Conriquez, Joel De La P, Chimbala",155625,128.028
Mejores Jordans,"Victor Mendivil, Oscar Maydon",234716,115.221
APAGA EL CEL,"FloyyMenor, Lewis Somes",184806,100.025
CLASSY 101,"Feid, Young Miko",195587,100.09
LUNA,"Feid, ATL Jacob",196800,100.019
TU TA RICA,"FloyyMenor, Lewis Somes",124806,99.994
Parado no Bail√£o,"MC L da Vinte, MC Gury",171692,86.533
Se Voce Nao Quer Passa a Vez,"Mc Delux, DJ Guih Da ZO",133846,129.949
BRAZILIAN DAN√áA PHONK,"6YNTHMANE, RXDXVIL",118194,126.015
MONTAGEM - PR FUNK,"S3BZS, Mc Gw, Mc Menor Do Alvorada",61673,130.028
Faz um Vuk Vuk (Teto Espelhado),"MC Kevin o Chris, Dj Nk Da Serra, Mc Magrinho",138462,130.078
Te Maceto Depois Do Baile,"DJ Zig√£o, DJ Lafon Do Md, Mc Rodrigo do CN, Mc Rf",199615,130.053
MTG QUEM N√ÉO QUER SOU EU,"DJ TOPO, Seu Jorge, Mc Leozin, MC G15",123692,80.492
Ela Joga na Hora,"Mc Pogba, DJ Guih Da ZO",132923,130.05
THE BOX MEDLEY FUNK 2,"THE BOX, Mc Brinquedo, MC Cebezinho, MC Tuto, Mc Laranjinha, DJ Oreia",266667,117.008
Louca Encubada,"Dj Samir, Rodricci, Launch13",119221,130.068
DAN√áA PRA ME PROVOCAR,"DJ JO√ÉO PEREIRA, MC Koringa",157216,84.917
T√° OK,"DENNIS, MC Kevin o Chris",92093,130.118
WHINE IN BRAZIL FUNK,Ichiss,107971,117.054
TUMB√ÅTUM,"Tropa do Bruxo, SMU, Dj Vitin do Pc, MC JF, MC NAHARA",121384,86.429
Onlar Anlamaz Halden,Semicenk,176000,90.025
Ge√ßiyor Zaman,Semicenk,154286,98.022
Kader Saƒü Olsun,Semicenk,172000,120.001
K√ºle D√∂nm√º≈üs√ºn,"Semicenk, Doƒüu Swag",146526,95.056
√ñn√ºm√ºz Yaz,Simge,181518,108.02
Kafamƒ±n ƒ∞√ßi,"Ebru Ya≈üar, Siyam, Zeyd",142000,78.753
Lan,Zeynep Bastƒ±k,196075,204.028
Self Care,Mac Miller,345133,141.894
"I'm Good Luv, Enjoy.",Aaron May,134548,130.012
Timeless (with Playboi Carti),"The Weeknd, Playboi Carti",256000,119.973
Doomsday,"MF DOOM, Pebbles The Invisible Girl",298053,95.416
"Darling, I (feat. Teezo Touchdown)","Tyler, The Creator, Teezo Touchdown",253834,97.571
Jukebox Joints (feat. Joe Fox & Kanye West),"A$AP Rocky, Joe Fox, Kanye West",323960,67.536
A Cold Sunday,Lil Yachty,107314,76.54
infinity (888) - feat. Joey Bada$$,"XXXTENTACION, Joey Bada$$",176591,84.143
MY EYES,Travis Scott,251250,119.043
Devil In A New Dress,"Kanye West, Rick Ross",351947,80.082
Love Yourz,J. Cole,211497,82.81
Go Flex,Post Malone,179613,81.958
Champagne Shots,Saint√©,144000,135.028
Rich Spirit,Kendrick Lamar,202285,95.977
I Smoked Away My Brain (I'm God x Demons Mashup) (feat. Imogen Heap & Clams Casino),"A$AP Rocky, Imogen Heap, Clams Casino",190286,141.981
Falling Down - Bonus Track,"Lil Peep, XXXTENTACION",196400,120.013
Righteous Minds,Joey Bada$$,224043,94.893
Everybody Dies In Their Nightmares,XXXTENTACION,95467,129.953
It Was A Good Day,Ice Cube,260000,82.356
WUSYANAME (feat. Youngboy Never Broke Again & Ty Dolla $ign),"Tyler, The Creator, YoungBoy Never Broke Again, Ty Dolla $ign",121573,142.347
Weekend (feat. Miguel),"Mac Miller, Miguel",208080,120.058
a lot,21 Savage,288624,145.972
Flashing Lights,"Kanye West, Dwele",237507,90.482
Redbone,Childish Gambino,326933,160.037
Passionfruit,Drake,298941,111.98
Ocean Prime (feat. Boldy James),"The Alchemist, Boldy James",99907,49.305
Show Me,Joey Bada$$,220387,176.153
Revenge,XXXTENTACION,120027,139.999
ATLiens,Outkast,230693,97.044
Do For Love,2Pac,281600,95
Embarrassed (feat. Travis Scott),"Don Toliver, Travis Scott",192693,115.994
Homecoming,"Kanye West, Chris Martin",203493,86.918
Break from Toronto,PARTYNEXTDOOR,99213,117.067
You Know How We Do It,Ice Cube,232773,92.869
Fuck Love,"XXXTENTACION, Trippie Redd",146520,131.036
DUCKWORTH.,Kendrick Lamar,248613,174.516
See You Again (feat. Kali Uchis),"Tyler, The Creator, Kali Uchis",180387,78.558
Good Morning,Kanye West,195093,84.166
Neighbors,J. Cole,216520,138.97
Teenage Fever,Drake,219692,97.04
Piece of My Heart (feat. Brent Faiyaz),"Wizkid, Brent Faiyaz",259354,93.2
MMS,"Asake, Wizkid",219628,101.837
Awolowo,Fido,135577,106.312
Dealer,"Ayo Maff, Fireboy DML",180594,67.813
Holy Ghost,Omah Lay,186154,113.976
Lonely At The Top,Asake,157714,104.986
Sprinter,"Dave, Central Cee",229133,139.057
"Soweto (with Don Toliver, Rema & Tempoe)","Victony, Rema, Tempoe, Don Toliver",219500,105.024
Rush,Ayra Starr,185093,99.97
Free Mind,Tems,247579,125.15
Essence (feat. Tems),"Wizkid, Tems",248040,104.027
In My Bed,"Rotimi, Wale",185461,103.993
Location (feat. Burna Boy),"Dave, Burna Boy",241293,109.979
Higher,Tems,196204,102.964
WAIT FOR U (feat. Drake & Tems),"Future, Drake, Tems",189893,83.389
KU LO SA - A COLORS SHOW,Oxlade,147581,92.9
Replay,Tems,180000,123.879
Are you there?,Ayo Maff,156429,112.014
Touches,Somnum Magnam,144750,140.997
Rosyln,"Bon Iver, St. Vincent",289560,159.719
Lights Are On,Tom Rosenthal,193749,135.965
Take Me To Church,Hozier,241688,129.071
cardigan,Taylor Swift,239560,130.033
Young And Beautiful,Lana Del Rey,236053,113.986
Work Song,Hozier,229720,121.412
Nothing's New,Rio Romeo,211000,96.192
My Love Mine All Mine,Mitski,137773,113.95
idfc,blackbear,207027,144.678
As the World Caves In,Matt Maltese,218755,123.969
The 30th,Billie Eilish,216448,82.987
Like Real People Do,Hozier,198027,140.01
Happiness is a butterfly,Lana Del Rey,272485,70.499
listen before i go,Billie Eilish,242652,79.764
Astronomy,Conan Gray,243907,145.115
From the Dining Table,Harry Styles,211960,94.08
Getting Older,Billie Eilish,244221,159.679
rises the moon,Liana Flores,161929,137.35
ceilings,Lizzy McAlpine,182888,148.005
Sparks,Coldplay,227093,102.617
In My Room,Chance Pe√±a,177609,133.943
Waiting Room,Phoebe Bridgers,393962,129.753
Chemtrails Over The Country Club,Lana Del Rey,271177,201.025
How to disappear,Lana Del Rey,228071,78.997
Nothing New (feat. Phoebe Bridgers) (Taylor‚Äôs Version) (From The Vault),"Taylor Swift, Phoebe Bridgers",258813,101.96
State Lines,Novo Amor,208653,137.474
Where's My Love - Acoustic,SYML,239880,104.007
Heather,Conan Gray,198040,102.078
Apocalypse,Cigarettes After Sex,290617,94.434
Anchor,Novo Amor,257533,117.053
Brooklyn Baby,Lana Del Rey,351640,107.747
Would That I,Hozier,268293,130.694
lacy,Olivia Rodrigo,177212,77.968
Can‚Äôt Catch Me Now - from The Hunger Games: The Ballad of Songbirds & Snakes,Olivia Rodrigo,205484,141.332
Feels Like,Gracie Abrams,152318,144.99
Black Friday,Tom Odell,221510,165.476
Male Fantasy,Billie Eilish,194887,110.927
Cherry Wine - Live,Hozier,240147,81.876
We'll Never Have Sex,Leith Ross,100716,86.686
Margaret (feat. Bleachers),"Lana Del Rey, Bleachers",339891,103.777
Miserable Man,David Kushner,232992,110.019
Halley's Comet,Billie Eilish,234761,72.38
All Girls Are The Same,Juice WRLD,165820,161.989
Chill Bae,Lil Uzi Vert,138324,184.057
Did It Again,Lil Tecca,116240,148.775
Wish (feat. Trippie Redd) - Trippie Mix,"Diplo, Trippie Redd",176874,94.011
Lust,Lil Skies,156000,160.084
Goodbyes (feat. Young Thug),"Post Malone, Young Thug",174853,150.097
Martin & Gina,Polo G,132833,93.924
Drip Too Hard (Lil Baby & Gunna),"Lil Baby, Gunna",145543,112.509
F.N,Lil Tjay,224000,120.1
Lean Wit Me,Juice WRLD,175755,163.935
Conceited,Lil Uzi Vert,189487,124.13
Ransom (with Juice WRLD) - Remix,"Lil Tecca, Juice WRLD",171253,179.987
Take What You Want (feat. Ozzy Osbourne & Travis Scott),"Post Malone, Ozzy Osbourne, Travis Scott",229573,139.918
witchblades,"Lil Peep, Lil Tracy",149360,143.968
Ballin' (with Roddy Ricch),"Mustard, Roddy Ricch",180435,97.008
Suicidal,YNW Melly,222997,140.004
Flaws And Sins,Juice WRLD,218349,150.047
XO Tour Llif3,Lil Uzi Vert,182707,155.096
Down With Me,Lil Tecca,120035,114.929
Wow.,Post Malone,149547,99.952
HIM ALL ALONG,Gunna,158667,130.007
Maria I'm Drunk (feat. Justin Bieber & Young Thug),"Travis Scott, Justin Bieber, Young Thug",349933,105.989
Still Think About You,A Boogie Wit da Hoodie,246988,127.978
Come & Go (with Marshmello),"Juice WRLD, Marshmello",205485,144.991
500lbs,Lil Tecca,144390,123.013
Circles,Post Malone,215280,120.042
16,Baby Keem,156040,94.03
Chemical,Post Malone,184013,169.949
I Just Called To Say I Love You,Stevie Wonder,262240,113.535
Stay With Me,"CHANYEOL, Punch",192441,124.709
Nothing's Gonna Change My Love for You,George Benson,242679,136.628
Sudden Shower,ECLIPSE,233031,133.403
Christmas Tree,V,209947,139.009
Boyfriend,YEONJUN,202516,114.019
Love You With All My Heart,Crush,244187,134.049
Stay Alive (Prod. SUGA of BTS),Jung Kook,210928,130.096
Me Fui de Vacaciones,Bad Bunny,180930,85.046
Chachach√°,J√≥sean Log,215986,110.827
Nunca Es Suficiente,"Los √Ångeles Azules, Natalia Lafourcade",266016,93.99
Muerte En Hawaii,Calle 13,189867,79.989
Harpy Hare,Yaelokre,180923,130.02
Russian Bandana,Dhanda Nyoliwala,197143,84.07
Sifar Safar,Karan Aujla,180345,86.638
Knife Brows,Dhanda Nyoliwala,175909,175.917
Baller,"Shubh, Ikky",148188,180.219
Winning Speech,"Karan Aujla, Mxrci",227442,171.285
Still Rollin,Shubh,174730,94
9:45,"Prabh Singh, Jay Trak, Rooh Sandhu",117606,99.958
Dior,Shubh,139134,115.974
Cheques,Shubh,183757,89.998
MVP,Shubh,196898,88.041
8 ASLE,"Sukha, Chani Nattan, Prodgk, Gurlez Akhtar",161000,100.042
King Shit,Shubh,226933,85.953
One Love,Shubh,159222,144.926
On Top,Karan Aujla,183429,139.979
Old Money,AP Dhillon,128098,92.969
Tu hai kahan,AUR,263185,83.679
Bandana,Shubh,154667,89.906
Big Dawgs,"Hanumankind, Kalmi",190667,180.098
Welcome To Jamrock,Damian Marley,213200,76.71
Move,"Adam Port, Stryv, Keinemusik, Orso, Malachiii",177599,119.992
I Adore You (feat. Daecolm),"HUGEL, Topic, Arash, Daecolm",214000,119.996
Yamore,"MoBlack, Salif Keita, Benja (NL), Franc Fala, Ces√°ria Evora",248000,119.986
My Love (2024),"Alex Wann, Route 94, Jess Glynne",184500,122.028
Forever (feat. Malou & Yuna),"HUGEL, Diplo, Malou, Yuna",140500,120.036
You & Me - Rivo Remix,"Disclosure, Eliza Doolittle, Rivo",208525,122.011
Beso (Fruta Fresca),"Wakyin, Carlos Vives",197695,123.993
The Boy Is Mine,"James Mac, Vall, Rosalie",201713,123.004
Sideways,"Gordo, Drake",253770,121.843
Mwaki,"Zerb, Sofiya Nzau",208135,120.033
Famax - Edit,RAFFA GUIDO,213768,120.97
Waltz,Fabrizio Paterlini,64788,87.587
Nuvole Bianche,Ludovico Einaudi,357707,132.614
Idea 1,Gibran Alcocer,154500,172.13
Oceans Apart,Ben Crosland,78413,95.217
Idea 9,Gibran Alcocer,137547,128.563
Time,Hans Zimmer,275556,62.881
Nightcall,Kavinsky,258413,91.038
stellar,".diedlonely, √©nouement",99672,82.019
memories,leadwave,86320,67.238
Iris,Pastel Ghost,218384,117.987
I'm God,"Clams Casino, Imogen Heap",277711,141.931
Resonance,Home,212939,170.084
A Bird's Last Look,Macabre Plaza,69565,113.861
Veridis Quo,Daft Punk,345187,106.896
Dark Beach,Pastel Ghost,222000,130.032
Doja,Central Cee,97393,140.04
LET GO,Central Cee,174247,146.05
2MS,Nemzzz,108169,141.849
UK Rap,"Dave, Central Cee",198027,140.065
Eres,Caf√© Tacvba,267600,149.987
La Camisa Negra,Juanes,216707,97.007
A Dios Le Pido,Juanes,205373,97.027
Es Por Ti,Juanes,250693,129.944
Luz De Dia,Los Enanitos Verdes,268867,121.989
Inolvidable,Reik,222987,123.003
Mientes,Camila,205160,170.391
Todo Cambi√≥,Camila,193827,173.85
Fotograf√≠a,"Juanes, Nelly Furtado",238133,84.098
Te Lo Pido por Favor,Jaguares,206133,106.196
Maldito duende,Heroes Del Silencio,253187,125.796
Nada Valgo Sin Tu Amor,Juanes,196360,76.979
La C√©lula Que Explota,Caifanes,215867,123.217
Afuera,Caifanes,288600,126.043
Agua,Jarabe De Palo,254267,145.751
Como te extra√±o mi amor,Caf√© Tacvba,214880,124.725
Devu√©lveme a mi chica,Hombres G,194080,172.547
Lamento Boliviano,Los Enanitos Verdes,222227,123.57
Te quiero,Hombres G,225080,112.481
Clavado en Un Bar,Man√°,310813,148.003
Chammak Challo,"Akon, Hamsika Iyer",227091,133.946
Proper Patola,"Badshah, Diljit Dosanjh, Aastha Gill",178605,172.006
Papaoutai,Stromae,232147,116.015
Djadja,Aya Nakamura,171133,97.988
Je veux,Zaz,215933,155.397
Alors on danse - Radio Edit,Stromae,206067,119.958
Casanova,"Soolking, Gazo",189091,132.029
Voyage voyage,Desireless,266600,123.58
Derni√®re danse,Indila,213493,114.924
Love Story,Indila,316280,95.978
Formidable,Stromae,213933,70.568
Petit g√©nie,"Jungeli, Imen Es, Alonzo, Abou Debeing, Lossa",217260,126.036
Seya,"SativaMusic, Morad, GIMS",188485,101.005
Tous les m√™mes,Stromae,210933,109.96
Est-ce que tu m'aimes ? - Pilule bleue,GIMS,237093,119.892
Solitaire,Werenoi,146441,117.952
Imagine,Carbonne,165894,118.093
MANON B,"Tiakola, Ryflo, Oskoow",169846,130.081
PONA NINI,"Tiakola, Genezio, Prototype",246979,115.03
MANON B,"Tiakola, Ryflo, Oskoow",169846,130.081
Tieduprightnow,Parcels,249957,102.025
Borderline,Tame Impala,237800,97.96
Oysters In My Pocket,Royel Otis,162339,168.017
Is It True,Tame Impala,239267,118.018
KU LO SA - A COLORS SHOW,Oxlade,147581,92.9
Calm Down,Rema,219813,107.007
Rush,Ayra Starr,185093,99.97
In My Bed,"Rotimi, Wale",185461,103.993
Fountains (with Tems),"Drake, Tems",192418,100.053
Replay,Tems,180000,123.879
UNAVAILABLE (feat. Musa Keys),"Davido, Musa Keys",169912,113.009
People,Libianca,184791,124.357
soso,Omah Lay,183057,105.016
KANTE (feat. Fave),"Davido, FAVE",194040,99.005
WAIT FOR U (feat. Drake & Tems),"Future, Drake, Tems",189893,83.389
Barcelona,"Alan Walker, Ina Wroldsen",205087,126.881
